case_id,description,assistance_category,people_affected,country,governorate,city,latitude,longitude,severity,urgency,required_resources,estimated_funding,current_funding,submission_date,status,priority
CASE-0001,Families affected by a house fire require staple food supplies for the coming weeks.,Food,10,Egypt,Alexandria,Alexandria,31.208923,29.893826,Low,Critical,food parcels; cooking staples; infant nutrition,3929.40,861.57,2026-07-14,Active,High
CASE-0002,Families need clean drinking water and storage containers after flash flooding affected local supplies.,Water,46,Tunisia,Tunis,Tunis,36.806415,10.197937,Medium,Medium,clean water; filtration kits; storage containers,24058.40,4976.64,2026-06-06,Active,Medium
CASE-0003,A 10-person family needs temporary shelter after flash flooding made their home unsafe.,Emergency Housing,10,Egypt,Aswan,Aswan,24.072521,32.877847,Medium,Medium,temporary shelter; repair materials; mattresses,7072.00,5461.28,2025-10-07,Funded,Medium
CASE-0004,"Families need seasonal clothing, blankets, and basic hygiene items after a house fire.",Clothing,7,Jordan,Amman,Amman,31.926788,35.928408,High,Medium,seasonal clothing; blankets; hygiene kits,4059.44,2458.47,2025-06-21,Active,Medium
CASE-0005,Families need clean drinking water and storage containers after a house fire affected local supplies.,Water,114,Egypt,Alexandria,Alexandria,31.190791,29.938245,High,Critical,clean water; filtration kits; storage containers,77579.04,0.00,2025-05-15,Active,Critical
CASE-0006,A 10-person family needs temporary shelter after earthquake damage made their home unsafe.,Emergency Housing,10,Jordan,Irbid,Irbid,32.559875,35.833105,Medium,Medium,temporary shelter; repair materials; mattresses,7398.40,3449.35,2025-10-26,Active,Medium
CASE-0007,"A family needs medical assistance after flash flooding, including treatment and essential supplies.",Medical Aid,13,Jordan,Irbid,Irbid,32.572991,35.863619,Critical,Critical,medicines; clinic visits; medical transport,10044.80,733.05,2026-08-07,Active,Critical
CASE-0008,A community requires emergency water deliveries because a severe storm disrupted access to safe water.,Water,74,Lebanon,Beirut,Beirut,33.878685,35.482629,Medium,Critical,clean water; filtration kits; storage containers,23465.44,5923.54,2025-05-08,Active,High
CASE-0009,"A family needs medical assistance after local displacement, including treatment and essential supplies.",Medical Aid,4,Egypt,Aswan,Aswan,24.101005,32.8996,Medium,High,medicines; clinic visits; medical transport,3209.60,2725.36,2025-09-30,Funded,Medium
CASE-0010,Families need clean drinking water and storage containers after a house fire affected local supplies.,Water,133,Egypt,Aswan,Aswan,24.102542,32.898289,Critical,Critical,clean water; filtration kits; storage containers,78868.88,0.00,2026-06-22,Active,Critical
CASE-0011,"Families need seasonal clothing, blankets, and basic hygiene items after a severe storm.",Clothing,3,Jordan,Amman,Amman,31.968888,35.941108,Low,Low,seasonal clothing; blankets; hygiene kits,1784.16,1548.64,2025-07-17,Funded,Low
CASE-0012,People displaced by flash flooding require clothing and blankets while they recover.,Clothing,33,Lebanon,Beirut,Beirut,33.87986,35.498055,High,High,seasonal clothing; blankets; hygiene kits,17495.94,0.00,2025-04-21,Active,High
CASE-0013,"Residents affected by flash flooding need urgent medicines, examinations, and transport to care.",Medical Aid,29,Lebanon,Beirut,Beirut,33.870423,35.49427,High,Low,medicines; clinic visits; medical transport,20634.46,3891.66,2025-11-06,Active,High
CASE-0014,Children need school materials and fee support after a severe storm interrupted household income.,Education,9,Egypt,Cairo,Cairo,30.057889,31.229496,Low,High,school kits; uniforms; learning materials,5023.26,4958.94,2026-03-28,Completed,Low
CASE-0015,Housing repairs and safe temporary accommodation are needed following a house fire.,Emergency Housing,9,Tunisia,Tunis,Tunis,36.800283,10.166975,Low,Medium,temporary shelter; repair materials; mattresses,2973.60,1553.78,2025-06-18,Active,Medium
CASE-0016,"Residents affected by flash flooding need urgent medicines, examinations, and transport to care.",Medical Aid,8,Egypt,Cairo,Cairo,30.022807,31.224093,Medium,High,medicines; clinic visits; medical transport,6881.60,2614.43,2025-08-26,Active,Medium
CASE-0017,"Families need seasonal clothing, blankets, and basic hygiene items after earthquake damage.",Clothing,12,Lebanon,Beirut,Beirut,33.875474,35.497089,Medium,Low,seasonal clothing; blankets; hygiene kits,7033.92,3040.65,2026-07-11,Active,Medium
CASE-0018,"Residents affected by earthquake damage need urgent medicines, examinations, and transport to care.",Medical Aid,11,Jordan,Irbid,Irbid,32.555488,35.83603,Low,High,medicines; clinic visits; medical transport,5968.44,343.65,2026-02-19,Active,High
CASE-0019,A 6-person family needs temporary shelter after a house fire made their home unsafe.,Emergency Housing,6,Egypt,Alexandria,Alexandria,31.199556,29.906359,Medium,Medium,temporary shelter; repair materials; mattresses,3166.08,3025.50,2026-01-31,Completed,Low
CASE-0020,"Residents affected by a severe storm need urgent medicines, examinations, and transport to care.",Medical Aid,36,Egypt,Aswan,Aswan,24.073071,32.883284,High,High,medicines; clinic visits; medical transport,24171.84,1551.13,2025-03-28,Active,High
CASE-0021,People displaced by local displacement require clothing and blankets while they recover.,Clothing,56,Jordan,Irbid,Irbid,32.563171,35.863115,Critical,Low,seasonal clothing; blankets; hygiene kits,42869.28,2066.12,2026-08-24,Active,High
CASE-0022,People displaced by flash flooding require clothing and blankets while they recover.,Clothing,26,Egypt,Giza,6th of October,29.95348,30.906112,High,Low,seasonal clothing; blankets; hygiene kits,22046.64,296.13,2025-05-23,Active,Medium
CASE-0023,"A family needs medical assistance after earthquake damage, including treatment and essential supplies.",Medical Aid,45,Egypt,Aswan,Aswan,24.072811,32.912882,High,Low,medicines; clinic visits; medical transport,15107.40,5050.61,2026-06-27,Active,Medium
CASE-0024,Families need clean drinking water and storage containers after local displacement affected local supplies.,Water,32,Tunisia,Tunis,Tunis,36.797002,10.183847,Medium,Low,clean water; filtration kits; storage containers,21721.92,1760.62,2025-06-23,Active,Medium
CASE-0025,"A family needs medical assistance after a house fire, including treatment and essential supplies.",Medical Aid,8,Egypt,Giza,6th of October,29.959065,30.901336,Low,High,medicines; clinic visits; medical transport,3186.00,1787.01,2025-11-08,Active,Medium
CASE-0026,Children need school materials and fee support after a house fire interrupted household income.,Education,34,Egypt,Cairo,Cairo,30.036816,31.237142,High,Medium,school kits; uniforms; learning materials,23167.76,2103.66,2025-06-25,Active,High
CASE-0027,Families need clean drinking water and storage containers after a house fire affected local supplies.,Water,95,Egypt,Alexandria,Alexandria,31.204516,29.894556,High,Critical,clean water; filtration kits; storage containers,65758.00,3696.45,2025-07-10,Active,Critical
CASE-0028,"Families need seasonal clothing, blankets, and basic hygiene items after a house fire.",Clothing,12,Jordan,Irbid,Irbid,32.57926,35.84025,Medium,Medium,seasonal clothing; blankets; hygiene kits,6348.48,3437.87,2025-06-23,Active,Medium
CASE-0029,A 2-person household needs food parcels after earthquake damage disrupted its income.,Food,2,Lebanon,Beirut,Beirut,33.879255,35.516437,Medium,High,food parcels; cooking staples; infant nutrition,2619.36,2572.03,2025-07-27,Completed,Low
CASE-0030,Housing repairs and safe temporary accommodation are needed following local displacement.,Emergency Housing,10,Jordan,Irbid,Irbid,32.546408,35.857982,Medium,Medium,temporary shelter; repair materials; mattresses,6378.40,2208.55,2025-10-31,Active,Medium
CASE-0031,Housing repairs and safe temporary accommodation are needed following local displacement.,Emergency Housing,6,Jordan,Irbid,Irbid,32.578532,35.832764,Low,High,temporary shelter; repair materials; mattresses,3547.08,1240.55,2026-07-29,Active,Medium
CASE-0032,People displaced by local displacement require clothing and blankets while they recover.,Clothing,9,Egypt,Giza,6th of October,29.967133,30.936339,Low,Medium,seasonal clothing; blankets; hygiene kits,4672.80,4671.33,2025-10-14,Completed,Low
CASE-0033,"Families need seasonal clothing, blankets, and basic hygiene items after local displacement.",Clothing,32,Jordan,Irbid,Irbid,32.540436,35.848787,High,Critical,seasonal clothing; blankets; hygiene kits,14740.88,0.00,2026-08-07,Active,High
CASE-0034,People displaced by local displacement require clothing and blankets while they recover.,Clothing,51,Egypt,Alexandria,Alexandria,31.18113,29.934477,High,Critical,seasonal clothing; blankets; hygiene kits,26126.10,4198.72,2025-09-11,Active,Critical
CASE-0035,Families affected by a severe storm require staple food supplies for the coming weeks.,Food,8,Egypt,Cairo,Cairo,30.041989,31.21195,Medium,High,food parcels; cooking staples; infant nutrition,4596.80,2143.50,2026-01-23,Active,Medium
CASE-0036,"A family needs medical assistance after earthquake damage, including treatment and essential supplies.",Medical Aid,36,Tunisia,Tunis,Tunis,36.810674,10.158435,High,Low,medicines; clinic visits; medical transport,14192.64,0.00,2026-02-02,Active,High
CASE-0037,Children need school materials and fee support after earthquake damage interrupted household income.,Education,7,Egypt,Cairo,Cairo,30.034132,31.223927,Low,Medium,school kits; uniforms; learning materials,2639.66,1208.81,2025-05-07,Active,Low
CASE-0038,Children need school materials and fee support after flash flooding interrupted household income.,Education,2,Egypt,Alexandria,Alexandria,31.176073,29.941636,Medium,Medium,school kits; uniforms; learning materials,2241.28,2129.20,2025-05-28,Funded,Low
CASE-0039,Families need clean drinking water and storage containers after a severe storm affected local supplies.,Water,79,Lebanon,Beirut,Beirut,33.885648,35.510886,Medium,High,clean water; filtration kits; storage containers,46026.48,0.00,2026-08-04,Active,High
CASE-0040,A 12-person family needs temporary shelter after a severe storm made their home unsafe.,Emergency Housing,12,Egypt,Cairo,Cairo,30.063961,31.260351,Low,Medium,temporary shelter; repair materials; mattresses,5479.92,2713.25,2026-06-06,Active,Medium
CASE-0041,Families need clean drinking water and storage containers after a house fire affected local supplies.,Water,100,Egypt,Giza,6th of October,29.94835,30.935156,Medium,Medium,clean water; filtration kits; storage containers,71944.00,2638.52,2026-08-11,Active,High
CASE-0042,Families need clean drinking water and storage containers after a severe storm affected local supplies.,Water,114,Lebanon,Beirut,Beirut,33.897677,35.513784,High,Medium,clean water; filtration kits; storage containers,67045.44,0.00,2025-08-18,Active,High
CASE-0043,Families need clean drinking water and storage containers after local displacement affected local supplies.,Water,143,Tunisia,Tunis,Tunis,36.797522,10.189621,High,Medium,clean water; filtration kits; storage containers,68553.10,4844.83,2025-07-06,Active,High
CASE-0044,A 2-person family needs temporary shelter after a severe storm made their home unsafe.,Emergency Housing,2,Tunisia,Tunis,Tunis,36.830743,10.166563,Low,High,temporary shelter; repair materials; mattresses,1885.64,0.00,2026-07-12,Active,Medium
CASE-0045,Families affected by flash flooding require staple food supplies for the coming weeks.,Food,4,Egypt,Alexandria,Alexandria,31.181334,29.898481,Low,Critical,food parcels; cooking staples; infant nutrition,2081.52,1863.38,2026-07-25,Funded,Medium
CASE-0046,Families affected by flash flooding require staple food supplies for the coming weeks.,Food,22,Lebanon,Beirut,Beirut,33.874844,35.485576,High,Medium,food parcels; cooking staples; infant nutrition,16936.92,0.00,2026-07-29,Active,High
CASE-0047,People displaced by a severe storm require clothing and blankets while they recover.,Clothing,5,Lebanon,Beirut,Beirut,33.893886,35.51948,Medium,Critical,seasonal clothing; blankets; hygiene kits,3264.00,467.51,2025-08-26,Active,High
CASE-0048,Children need school materials and fee support after local displacement interrupted household income.,Education,5,Egypt,Cairo,Cairo,30.048975,31.252989,Medium,Medium,school kits; uniforms; learning materials,2747.20,2295.42,2026-08-27,Funded,Low
CASE-0049,Housing repairs and safe temporary accommodation are needed following earthquake damage.,Emergency Housing,38,Egypt,Aswan,Aswan,24.081496,32.887254,High,Medium,temporary shelter; repair materials; mattresses,17888.64,3746.09,2025-11-24,Active,High
CASE-0050,"A family needs medical assistance after a severe storm, including treatment and essential supplies.",Medical Aid,16,Jordan,Irbid,Irbid,32.53595,35.870223,High,High,medicines; clinic visits; medical transport,11685.52,1990.81,2025-06-13,Active,High
CASE-0051,"A family needs medical assistance after a severe storm, including treatment and essential supplies.",Medical Aid,11,Egypt,Cairo,Cairo,30.050771,31.212542,Low,Low,medicines; clinic visits; medical transport,6760.22,2000.89,2026-01-14,Active,Medium
CASE-0052,Children need school materials and fee support after local displacement interrupted household income.,Education,37,Egypt,Giza,6th of October,29.978243,30.90959,High,Medium,school kits; uniforms; learning materials,24519.88,0.00,2026-04-12,Active,High
CASE-0053,"Residents affected by local displacement need urgent medicines, examinations, and transport to care.",Medical Aid,27,Tunisia,Tunis,Tunis,36.789975,10.187023,High,Medium,medicines; clinic visits; medical transport,14192.64,2953.26,2026-04-20,Active,High
CASE-0054,A 24-person household needs food parcels after a severe storm disrupted its income.,Food,24,Egypt,Giza,6th of October,29.990555,30.933503,High,Medium,food parcels; cooking staples; infant nutrition,14358.96,4422.30,2026-03-10,Active,Medium
CASE-0055,Families need clean drinking water and storage containers after a severe storm affected local supplies.,Water,94,Jordan,Amman,Amman,31.954158,35.908245,High,Critical,clean water; filtration kits; storage containers,27877.08,4088.10,2025-07-14,Active,Critical
CASE-0056,Housing repairs and safe temporary accommodation are needed following a severe storm.,Emergency Housing,19,Egypt,Alexandria,Alexandria,31.199119,29.929,High,High,temporary shelter; repair materials; mattresses,15021.16,1808.18,2025-10-26,Active,High
CASE-0057,Families need clean drinking water and storage containers after local displacement affected local supplies.,Water,102,Egypt,Giza,6th of October,29.960129,30.913579,Critical,Medium,clean water; filtration kits; storage containers,75759.12,303.23,2025-07-24,Active,High
CASE-0058,Housing repairs and safe temporary accommodation are needed following flash flooding.,Emergency Housing,36,Jordan,Irbid,Irbid,32.551888,35.829795,High,Medium,temporary shelter; repair materials; mattresses,18683.28,377.06,2026-05-26,Active,High
CASE-0059,Children need school materials and fee support after earthquake damage interrupted household income.,Education,7,Egypt,Alexandria,Alexandria,31.182554,29.901835,Medium,Medium,school kits; uniforms; learning materials,5508.00,2193.05,2025-06-16,Active,Medium
CASE-0060,Children need school materials and fee support after flash flooding interrupted household income.,Education,11,Egypt,Alexandria,Alexandria,31.193594,29.908782,Low,High,school kits; uniforms; learning materials,7175.58,1831.72,2025-08-13,Active,Medium
CASE-0061,A 35-person family needs temporary shelter after a severe storm made their home unsafe.,Emergency Housing,35,Egypt,Giza,6th of October,29.942849,30.904262,Critical,Medium,temporary shelter; repair materials; mattresses,13949.20,2874.65,2025-12-23,Active,High
CASE-0062,Children need school materials and fee support after a house fire interrupted household income.,Education,6,Lebanon,Beirut,Beirut,33.877133,35.491643,Low,Medium,school kits; uniforms; learning materials,4368.36,2188.46,2025-08-24,Active,Low
CASE-0063,"A family needs medical assistance after a house fire, including treatment and essential supplies.",Medical Aid,13,Jordan,Irbid,Irbid,32.573233,35.823675,Critical,Medium,medicines; clinic visits; medical transport,6668.44,599.63,2025-03-27,Active,High
CASE-0064,Children need school materials and fee support after a house fire interrupted household income.,Education,10,Egypt,Giza,6th of October,29.946059,30.92129,Low,Low,school kits; uniforms; learning materials,3492.80,2250.16,2025-10-14,Active,Low
CASE-0065,"Residents affected by flash flooding need urgent medicines, examinations, and transport to care.",Medical Aid,16,Egypt,Cairo,Cairo,30.046497,31.211386,High,High,medicines; clinic visits; medical transport,6264.72,3958.20,2026-04-10,Active,High
CASE-0066,A 8-person family needs temporary shelter after earthquake damage made their home unsafe.,Emergency Housing,8,Tunisia,Tunis,Tunis,36.812633,10.162147,Medium,Medium,temporary shelter; repair materials; mattresses,6326.72,0.00,2025-12-02,Active,Medium
CASE-0067,"Residents affected by local displacement need urgent medicines, examinations, and transport to care.",Medical Aid,9,Jordan,Irbid,Irbid,32.558718,35.85946,Low,High,medicines; clinic visits; medical transport,5936.58,2047.25,2026-04-18,Active,Medium
CASE-0068,Housing repairs and safe temporary accommodation are needed following earthquake damage.,Emergency Housing,23,Tunisia,Tunis,Tunis,36.823773,10.158718,High,Medium,temporary shelter; repair materials; mattresses,13960.10,3057.84,2025-08-06,Active,High
CASE-0069,"A family needs medical assistance after a house fire, including treatment and essential supplies.",Medical Aid,41,Tunisia,Tunis,Tunis,36.792845,10.198789,High,High,medicines; clinic visits; medical transport,18370.66,0.00,2025-09-06,Active,High
CASE-0070,Children need school materials and fee support after a house fire interrupted household income.,Education,9,Lebanon,Beirut,Beirut,33.892574,35.516137,Medium,Medium,school kits; uniforms; learning materials,3757.68,3750.17,2026-02-21,Completed,Low
CASE-0071,Children need school materials and fee support after earthquake damage interrupted household income.,Education,12,Lebanon,Beirut,Beirut,33.895813,35.4909,Medium,High,school kits; uniforms; learning materials,5777.28,3058.25,2025-04-27,Active,Medium
CASE-0072,A community requires emergency water deliveries because earthquake damage disrupted access to safe water.,Water,50,Jordan,Amman,Amman,31.943098,35.929981,Low,Medium,clean water; filtration kits; storage containers,18349.00,2813.40,2025-04-01,Active,Medium
CASE-0073,Families affected by a severe storm require staple food supplies for the coming weeks.,Food,11,Egypt,Aswan,Aswan,24.089843,32.891356,Medium,Low,food parcels; cooking staples; infant nutrition,8988.24,0.00,2025-08-01,Active,Medium
CASE-0074,"A family needs medical assistance after a house fire, including treatment and essential supplies.",Medical Aid,41,Egypt,Aswan,Aswan,24.072061,32.913788,High,Critical,medicines; clinic visits; medical transport,24558.38,3355.33,2025-08-15,Active,Critical
CASE-0075,Families affected by earthquake damage require staple food supplies for the coming weeks.,Food,30,Egypt,Cairo,Cairo,30.029933,31.234512,High,Critical,food parcels; cooking staples; infant nutrition,22684.20,944.18,2026-05-23,Active,High
CASE-0076,"A family needs medical assistance after earthquake damage, including treatment and essential supplies.",Medical Aid,4,Lebanon,Beirut,Beirut,33.874814,35.496094,Medium,Medium,medicines; clinic visits; medical transport,3666.56,2556.92,2025-12-14,Active,Medium
CASE-0077,A 12-person household needs food parcels after local displacement disrupted its income.,Food,12,Egypt,Aswan,Aswan,24.071599,32.904011,Low,High,food parcels; cooking staples; infant nutrition,5649.84,3441.49,2025-12-16,Active,Medium
CASE-0078,A community requires emergency water deliveries because local displacement disrupted access to safe water.,Water,15,Egypt,Cairo,Cairo,30.053029,31.235145,Medium,High,clean water; filtration kits; storage containers,10159.20,4113.26,2025-09-24,Active,Medium
CASE-0079,Families need clean drinking water and storage containers after local displacement affected local supplies.,Water,120,Jordan,Irbid,Irbid,32.552687,35.841011,Medium,Critical,clean water; filtration kits; storage containers,54753.60,4560.68,2026-05-24,Active,High
CASE-0080,A community requires emergency water deliveries because local displacement disrupted access to safe water.,Water,124,Egypt,Cairo,Cairo,30.023226,31.258972,Critical,Low,clean water; filtration kits; storage containers,54228.16,4792.86,2026-02-14,Active,High
CASE-0081,People displaced by a house fire require clothing and blankets while they recover.,Clothing,52,Egypt,Giza,6th of October,29.955173,30.945468,Critical,Medium,seasonal clothing; blankets; hygiene kits,46715.20,2171.90,2025-05-05,Active,High
CASE-0082,A 19-person household needs food parcels after local displacement disrupted its income.,Food,19,Jordan,Irbid,Irbid,32.564655,35.83877,High,Critical,food parcels; cooking staples; infant nutrition,12036.64,2186.56,2025-10-20,Active,High
CASE-0083,Families need clean drinking water and storage containers after a severe storm affected local supplies.,Water,117,Jordan,Amman,Amman,31.953985,35.943964,Medium,Critical,clean water; filtration kits; storage containers,75373.92,1484.24,2025-08-16,Active,High
CASE-0084,Families affected by a house fire require staple food supplies for the coming weeks.,Food,10,Jordan,Irbid,Irbid,32.53871,35.857481,Medium,High,food parcels; cooking staples; infant nutrition,5004.80,4794.07,2025-07-29,Completed,Medium
CASE-0085,Children need school materials and fee support after earthquake damage interrupted household income.,Education,47,Lebanon,Beirut,Beirut,33.908404,35.500606,High,Medium,school kits; uniforms; learning materials,17381.98,1682.26,2025-07-08,Active,High
CASE-0086,A community requires emergency water deliveries because local displacement disrupted access to safe water.,Water,132,Egypt,Cairo,Cairo,30.054608,31.21509,Critical,Critical,clean water; filtration kits; storage containers,52404.96,1918.79,2026-08-30,Active,Critical
CASE-0087,A 28-person family needs temporary shelter after flash flooding made their home unsafe.,Emergency Housing,28,Lebanon,Beirut,Beirut,33.891136,35.493511,High,Low,temporary shelter; repair materials; mattresses,15055.04,1139.06,2026-03-11,Active,High
CASE-0088,Housing repairs and safe temporary accommodation are needed following flash flooding.,Emergency Housing,45,Egypt,Aswan,Aswan,24.064124,32.897551,Critical,Medium,temporary shelter; repair materials; mattresses,25851.60,2474.02,2026-04-03,Active,High
CASE-0089,"Residents affected by local displacement need urgent medicines, examinations, and transport to care.",Medical Aid,6,Lebanon,Beirut,Beirut,33.875489,35.481878,Medium,Critical,medicines; clinic visits; medical transport,4643.04,1737.40,2026-05-08,Active,High
CASE-0090,"Residents affected by flash flooding need urgent medicines, examinations, and transport to care.",Medical Aid,9,Jordan,Amman,Amman,31.956187,35.953376,Low,Medium,medicines; clinic visits; medical transport,3419.64,1785.21,2025-09-11,Active,Medium
CASE-0091,"A family needs medical assistance after a severe storm, including treatment and essential supplies.",Medical Aid,6,Lebanon,Beirut,Beirut,33.903363,35.483087,Medium,Medium,medicines; clinic visits; medical transport,3843.36,1555.22,2025-06-15,Active,Medium
CASE-0092,Families affected by flash flooding require staple food supplies for the coming weeks.,Food,5,Egypt,Cairo,Cairo,30.051211,31.238122,Low,Low,food parcels; cooking staples; infant nutrition,3475.10,3086.06,2026-05-26,Funded,Low
CASE-0093,"A family needs medical assistance after local displacement, including treatment and essential supplies.",Medical Aid,11,Jordan,Irbid,Irbid,32.559105,35.838492,Medium,Low,medicines; clinic visits; medical transport,5457.68,0.00,2025-05-10,Active,Medium
CASE-0094,"A family needs medical assistance after a house fire, including treatment and essential supplies.",Medical Aid,46,Jordan,Irbid,Irbid,32.552451,35.830182,High,High,medicines; clinic visits; medical transport,25896.64,6087.57,2025-04-15,Active,High
CASE-0095,A 2-person family needs temporary shelter after local displacement made their home unsafe.,Emergency Housing,2,Egypt,Cairo,Cairo,30.052411,31.247288,Medium,High,temporary shelter; repair materials; mattresses,2012.80,284.90,2026-08-15,Active,High
CASE-0096,A community requires emergency water deliveries because a house fire disrupted access to safe water.,Water,11,Egypt,Aswan,Aswan,24.105721,32.917708,Medium,High,clean water; filtration kits; storage containers,6385.20,0.00,2025-10-19,Active,High
CASE-0097,"A family needs medical assistance after a house fire, including treatment and essential supplies.",Medical Aid,11,Egypt,Giza,6th of October,29.981294,30.917019,Medium,Medium,medicines; clinic visits; medical transport,5023.84,1545.27,2026-05-08,Active,Medium
CASE-0098,"Families need seasonal clothing, blankets, and basic hygiene items after a severe storm.",Clothing,7,Egypt,Alexandria,Alexandria,31.223228,29.905844,Medium,Low,seasonal clothing; blankets; hygiene kits,5032.00,5015.36,2025-11-02,Completed,Low
CASE-0099,A 43-person household needs food parcels after a severe storm disrupted its income.,Food,43,Tunisia,Tunis,Tunis,36.788017,10.174733,Critical,High,food parcels; cooking staples; infant nutrition,36752.96,2619.41,2026-09-08,Active,High
CASE-0100,Housing repairs and safe temporary accommodation are needed following earthquake damage.,Emergency Housing,9,Jordan,Irbid,Irbid,32.575706,35.822005,Low,Medium,temporary shelter; repair materials; mattresses,4226.76,1876.58,2026-06-15,Active,Medium
CASE-0101,A 33-person family needs temporary shelter after a severe storm made their home unsafe.,Emergency Housing,33,Egypt,Alexandria,Alexandria,31.199261,29.924533,High,Critical,temporary shelter; repair materials; mattresses,24000.90,3434.77,2025-03-24,Active,Critical
CASE-0102,Education support is needed for children whose learning was disrupted by earthquake damage.,Education,18,Egypt,Giza,6th of October,29.948342,30.918141,High,Medium,school kits; uniforms; learning materials,10644.48,2895.69,2026-02-11,Active,Medium
CASE-0103,Families affected by earthquake damage require staple food supplies for the coming weeks.,Food,33,Jordan,Irbid,Irbid,32.563521,35.871633,High,Medium,food parcels; cooking staples; infant nutrition,14700.84,0.00,2025-09-16,Active,High
CASE-0104,A 7-person family needs temporary shelter after flash flooding made their home unsafe.,Emergency Housing,7,Egypt,Aswan,Aswan,24.095656,32.914027,High,High,temporary shelter; repair materials; mattresses,4447.52,4093.14,2025-06-04,Funded,Medium
CASE-0105,"Residents affected by a severe storm need urgent medicines, examinations, and transport to care.",Medical Aid,7,Egypt,Alexandria,Alexandria,31.176015,29.900052,Medium,Critical,medicines; clinic visits; medical transport,5365.20,0.00,2025-05-11,Active,High
CASE-0106,"Residents affected by a severe storm need urgent medicines, examinations, and transport to care.",Medical Aid,14,Egypt,Giza,6th of October,29.945328,30.903579,High,Low,medicines; clinic visits; medical transport,8328.32,5549.06,2025-10-15,Active,Medium
CASE-0107,A 13-person household needs food parcels after earthquake damage disrupted its income.,Food,13,Egypt,Giza,6th of October,29.981533,30.928262,Critical,Medium,food parcels; cooking staples; infant nutrition,11632.36,2484.54,2025-04-19,Active,High
CASE-0108,"Residents affected by local displacement need urgent medicines, examinations, and transport to care.",Medical Aid,8,Egypt,Alexandria,Alexandria,31.208118,29.929885,Medium,Low,medicines; clinic visits; medical transport,4564.16,233.53,2025-12-12,Active,Medium
CASE-0109,A 6-person household needs food parcels after a severe storm disrupted its income.,Food,6,Jordan,Amman,Amman,31.964835,35.93869,Low,Medium,food parcels; cooking staples; infant nutrition,2987.76,903.67,2025-12-19,Active,Low
CASE-0110,Families affected by local displacement require staple food supplies for the coming weeks.,Food,6,Egypt,Alexandria,Alexandria,31.220659,29.931032,Low,Critical,food parcels; cooking staples; infant nutrition,3143.52,3025.52,2026-06-25,Completed,Low
CASE-0111,Families affected by flash flooding require staple food supplies for the coming weeks.,Food,30,Lebanon,Beirut,Beirut,33.873889,35.525275,High,Medium,food parcels; cooking staples; infant nutrition,23377.20,3116.57,2025-04-27,Active,High
CASE-0112,A 5-person household needs food parcels after flash flooding disrupted its income.,Food,5,Tunisia,Tunis,Tunis,36.809602,10.191499,Medium,High,food parcels; cooking staples; infant nutrition,2631.60,2184.97,2026-07-27,Funded,Medium
CASE-0113,"Residents affected by local displacement need urgent medicines, examinations, and transport to care.",Medical Aid,2,Egypt,Giza,6th of October,29.967317,30.910449,Medium,Medium,medicines; clinic visits; medical transport,2113.44,602.19,2025-04-02,Active,Medium
CASE-0114,Education support is needed for children whose learning was disrupted by a severe storm.,Education,12,Egypt,Aswan,Aswan,24.08334,32.875401,Low,Medium,school kits; uniforms; learning materials,7547.28,4694.98,2025-11-19,Active,Low
CASE-0115,"Residents affected by earthquake damage need urgent medicines, examinations, and transport to care.",Medical Aid,50,Tunisia,Tunis,Tunis,36.830707,10.183336,Critical,Critical,medicines; clinic visits; medical transport,32852.00,2190.27,2026-02-26,Active,Critical
CASE-0116,"A family needs medical assistance after local displacement, including treatment and essential supplies.",Medical Aid,17,Tunisia,Tunis,Tunis,36.821917,10.166911,Critical,High,medicines; clinic visits; medical transport,7571.44,889.10,2026-01-06,Active,Critical
CASE-0117,Children need school materials and fee support after a house fire interrupted household income.,Education,4,Jordan,Irbid,Irbid,32.577354,35.867425,Medium,Low,school kits; uniforms; learning materials,2861.44,2840.76,2025-11-24,Completed,Low
CASE-0118,A 10-person household needs food parcels after flash flooding disrupted its income.,Food,10,Egypt,Alexandria,Alexandria,31.215744,29.914023,High,Low,food parcels; cooking staples; infant nutrition,8470.00,3041.97,2025-08-07,Active,Medium
CASE-0119,Housing repairs and safe temporary accommodation are needed following a house fire.,Emergency Housing,34,Egypt,Alexandria,Alexandria,31.181155,29.908139,High,High,temporary shelter; repair materials; mattresses,26990.04,5510.51,2025-12-12,Active,High
CASE-0120,Housing repairs and safe temporary accommodation are needed following earthquake damage.,Emergency Housing,36,Jordan,Irbid,Irbid,32.551532,35.845913,High,Medium,temporary shelter; repair materials; mattresses,18184.32,565.32,2026-08-03,Active,High
CASE-0121,"Families need seasonal clothing, blankets, and basic hygiene items after a house fire.",Clothing,2,Tunisia,Tunis,Tunis,36.829793,10.168983,Medium,High,seasonal clothing; blankets; hygiene kits,1827.84,1400.98,2026-02-02,Funded,Medium
CASE-0122,A community requires emergency water deliveries because a severe storm disrupted access to safe water.,Water,81,Jordan,Irbid,Irbid,32.552816,35.826801,Medium,High,clean water; filtration kits; storage containers,55643.04,1530.78,2025-08-14,Active,High
CASE-0123,"Residents affected by flash flooding need urgent medicines, examinations, and transport to care.",Medical Aid,40,Egypt,Cairo,Cairo,30.051201,31.218608,Critical,High,medicines; clinic visits; medical transport,22050.40,5505.02,2025-08-06,Active,Critical
CASE-0124,A 3-person household needs food parcels after flash flooding disrupted its income.,Food,3,Lebanon,Beirut,Beirut,33.887211,35.514008,Medium,Medium,food parcels; cooking staples; infant nutrition,2133.84,2129.64,2025-11-11,Completed,Low
CASE-0125,Children need school materials and fee support after earthquake damage interrupted household income.,Education,4,Jordan,Irbid,Irbid,32.53213,35.828173,Medium,High,school kits; uniforms; learning materials,3253.12,1894.74,2025-10-21,Active,Medium
CASE-0126,Housing repairs and safe temporary accommodation are needed following local displacement.,Emergency Housing,5,Egypt,Aswan,Aswan,24.093975,32.897116,Medium,Medium,temporary shelter; repair materials; mattresses,2679.20,2254.78,2025-08-18,Funded,Medium
CASE-0127,A community requires emergency water deliveries because earthquake damage disrupted access to safe water.,Water,26,Egypt,Giza,6th of October,29.973328,30.90195,High,Critical,clean water; filtration kits; storage containers,12236.84,1212.32,2025-11-14,Active,High
CASE-0128,Education support is needed for children whose learning was disrupted by earthquake damage.,Education,8,Egypt,Giza,6th of October,29.962953,30.928462,Medium,Medium,school kits; uniforms; learning materials,4455.36,4190.93,2025-12-17,Funded,Low
CASE-0129,Children need school materials and fee support after earthquake damage interrupted household income.,Education,8,Egypt,Giza,6th of October,29.977067,30.949483,Low,Critical,school kits; uniforms; learning materials,5376.08,5140.12,2026-07-27,Completed,Low
CASE-0130,"Residents affected by earthquake damage need urgent medicines, examinations, and transport to care.",Medical Aid,6,Egypt,Cairo,Cairo,30.030835,31.215164,Medium,Low,medicines; clinic visits; medical transport,4496.16,4335.25,2025-09-04,Completed,Low
CASE-0131,A community requires emergency water deliveries because local displacement disrupted access to safe water.,Water,106,Egypt,Giza,6th of October,29.988591,30.925505,High,Medium,clean water; filtration kits; storage containers,64396.64,6878.89,2026-08-19,Active,High
CASE-0132,"Families need seasonal clothing, blankets, and basic hygiene items after a severe storm.",Clothing,30,Jordan,Amman,Amman,31.929512,35.937187,High,Medium,seasonal clothing; blankets; hygiene kits,16724.40,3406.26,2025-09-06,Active,High
CASE-0133,A 48-person family needs temporary shelter after flash flooding made their home unsafe.,Emergency Housing,48,Jordan,Irbid,Irbid,32.534482,35.829406,High,Medium,temporary shelter; repair materials; mattresses,27997.20,2821.30,2026-02-03,Active,High
CASE-0134,People displaced by a house fire require clothing and blankets while they recover.,Clothing,2,Lebanon,Beirut,Beirut,33.909838,35.512211,Medium,Medium,seasonal clothing; blankets; hygiene kits,2015.52,1927.72,2026-03-17,Completed,Low
CASE-0135,A community requires emergency water deliveries because local displacement disrupted access to safe water.,Water,43,Egypt,Alexandria,Alexandria,31.215172,29.924869,High,Critical,clean water; filtration kits; storage containers,34098.68,1532.97,2026-01-26,Active,High
CASE-0136,Children need school materials and fee support after a severe storm interrupted household income.,Education,7,Egypt,Alexandria,Alexandria,31.176194,29.89754,Medium,Medium,school kits; uniforms; learning materials,5403.28,4394.08,2025-10-13,Funded,Low
CASE-0137,Education support is needed for children whose learning was disrupted by local displacement.,Education,43,Jordan,Amman,Amman,31.928635,35.905053,High,Medium,school kits; uniforms; learning materials,29132.18,4485.57,2025-06-25,Active,High
CASE-0138,A 12-person family needs temporary shelter after a house fire made their home unsafe.,Emergency Housing,12,Lebanon,Beirut,Beirut,33.880878,35.47905,High,Low,temporary shelter; repair materials; mattresses,9960.72,1472.31,2026-05-12,Active,High
CASE-0139,Education support is needed for children whose learning was disrupted by flash flooding.,Education,34,Tunisia,Tunis,Tunis,36.824616,10.169176,High,Medium,school kits; uniforms; learning materials,16727.48,8385.95,2025-06-23,Active,Medium
CASE-0140,A 14-person household needs food parcels after local displacement disrupted its income.,Food,14,Egypt,Aswan,Aswan,24.109515,32.891099,High,Medium,food parcels; cooking staples; infant nutrition,7897.12,4112.88,2025-06-02,Active,Medium
CASE-0141,"A family needs medical assistance after earthquake damage, including treatment and essential supplies.",Medical Aid,24,Jordan,Amman,Amman,31.964113,35.951044,High,High,medicines; clinic visits; medical transport,8112.72,0.00,2026-09-03,Under Review,High
CASE-0142,Housing repairs and safe temporary accommodation are needed following a severe storm.,Emergency Housing,4,Jordan,Amman,Amman,31.923916,35.939444,Medium,Medium,temporary shelter; repair materials; mattresses,3954.88,1208.17,2026-05-24,Active,Medium
CASE-0143,"A family needs medical assistance after a severe storm, including treatment and essential supplies.",Medical Aid,23,Egypt,Cairo,Cairo,30.036548,31.212221,High,High,medicines; clinic visits; medical transport,18493.86,2201.23,2026-03-30,Active,High
CASE-0144,"A family needs medical assistance after flash flooding, including treatment and essential supplies.",Medical Aid,4,Tunisia,Tunis,Tunis,36.822942,10.181931,Low,High,medicines; clinic visits; medical transport,2435.52,0.00,2026-08-22,Active,Medium
CASE-0145,Families need clean drinking water and storage containers after a house fire affected local supplies.,Water,33,Jordan,Irbid,Irbid,32.554425,35.837557,Critical,High,clean water; filtration kits; storage containers,29984.76,8672.82,2025-07-25,Active,High
CASE-0146,Families need clean drinking water and storage containers after a house fire affected local supplies.,Water,99,Egypt,Alexandria,Alexandria,31.179623,29.90266,Low,Critical,clean water; filtration kits; storage containers,51060.96,0.00,2025-07-17,Active,High
CASE-0147,"Families need seasonal clothing, blankets, and basic hygiene items after flash flooding.",Clothing,42,Tunisia,Tunis,Tunis,36.819583,10.187122,High,Critical,seasonal clothing; blankets; hygiene kits,20790.00,1776.52,2026-03-31,Active,High
CASE-0148,A community requires emergency water deliveries because local displacement disrupted access to safe water.,Water,98,Tunisia,Tunis,Tunis,36.782066,10.191288,Medium,High,clean water; filtration kits; storage containers,39875.20,4153.76,2025-08-03,Active,High
CASE-0149,A community requires emergency water deliveries because flash flooding disrupted access to safe water.,Water,111,Egypt,Aswan,Aswan,24.104009,32.875188,Medium,Low,clean water; filtration kits; storage containers,46964.88,2886.45,2026-02-07,Active,Medium
CASE-0150,A community requires emergency water deliveries because local displacement disrupted access to safe water.,Water,90,Egypt,Giza,6th of October,29.963409,30.922242,Medium,Medium,clean water; filtration kits; storage containers,40881.60,3450.44,2025-09-03,Active,High
CASE-0151,"Residents affected by a severe storm need urgent medicines, examinations, and transport to care.",Medical Aid,42,Egypt,Giza,6th of October,29.952001,30.917217,High,Critical,medicines; clinic visits; medical transport,23377.20,1757.90,2026-05-03,Active,Critical
CASE-0152,A community requires emergency water deliveries because local displacement disrupted access to safe water.,Water,22,Lebanon,Beirut,Beirut,33.902149,35.516436,Medium,Medium,clean water; filtration kits; storage containers,10977.92,4792.22,2026-08-08,Active,Medium
CASE-0153,Children need school materials and fee support after local displacement interrupted household income.,Education,12,Egypt,Aswan,Aswan,24.095154,32.91376,Medium,Critical,school kits; uniforms; learning materials,6625.92,387.78,2026-02-23,Active,High
CASE-0154,"Families need seasonal clothing, blankets, and basic hygiene items after flash flooding.",Clothing,39,Egypt,Alexandria,Alexandria,31.218794,29.901788,High,High,seasonal clothing; blankets; hygiene kits,21085.68,1288.83,2026-02-15,Active,High
CASE-0155,A community requires emergency water deliveries because a severe storm disrupted access to safe water.,Water,56,Egypt,Alexandria,Alexandria,31.1943,29.940553,High,Medium,clean water; filtration kits; storage containers,28292.88,500.41,2025-07-06,Active,High
CASE-0156,A community requires emergency water deliveries because local displacement disrupted access to safe water.,Water,41,Jordan,Irbid,Irbid,32.533855,35.834963,High,Low,clean water; filtration kits; storage containers,22348.48,1272.07,2026-03-23,Active,Medium
CASE-0157,Education support is needed for children whose learning was disrupted by a severe storm.,Education,19,Egypt,Aswan,Aswan,24.112519,32.914411,High,Low,school kits; uniforms; learning materials,10076.22,6115.98,2026-03-05,Active,Medium
CASE-0158,"A family needs medical assistance after earthquake damage, including treatment and essential supplies.",Medical Aid,28,Tunisia,Tunis,Tunis,36.782743,10.175786,High,Medium,medicines; clinic visits; medical transport,18806.48,2317.00,2025-06-06,Active,High
CASE-0159,Children need school materials and fee support after earthquake damage interrupted household income.,Education,10,Jordan,Irbid,Irbid,32.577081,35.86288,Low,Medium,school kits; uniforms; learning materials,6218.60,4258.27,2025-04-12,Active,Low
CASE-0160,"Families need seasonal clothing, blankets, and basic hygiene items after flash flooding.",Clothing,17,Jordan,Amman,Amman,31.966948,35.934477,Critical,Low,seasonal clothing; blankets; hygiene kits,14939.92,642.29,2025-10-17,Active,High
CASE-0161,"Residents affected by a house fire need urgent medicines, examinations, and transport to care.",Medical Aid,52,Egypt,Giza,6th of October,29.974167,30.935217,High,Low,medicines; clinic visits; medical transport,25490.08,2982.14,2025-04-13,Active,High
CASE-0162,"Residents affected by earthquake damage need urgent medicines, examinations, and transport to care.",Medical Aid,42,Jordan,Amman,Amman,31.955551,35.921922,High,Critical,medicines; clinic visits; medical transport,28034.16,2133.76,2026-05-02,Active,Critical
CASE-0163,"Families need seasonal clothing, blankets, and basic hygiene items after local displacement.",Clothing,12,Lebanon,Beirut,Beirut,33.895031,35.488124,Medium,High,seasonal clothing; blankets; hygiene kits,5157.12,4340.35,2026-05-26,Funded,Medium
CASE-0164,"Families need seasonal clothing, blankets, and basic hygiene items after a house fire.",Clothing,6,Tunisia,Tunis,Tunis,36.812105,10.204227,Medium,Critical,seasonal clothing; blankets; hygiene kits,5344.80,1137.97,2025-12-05,Active,High
CASE-0165,Education support is needed for children whose learning was disrupted by flash flooding.,Education,9,Lebanon,Beirut,Beirut,33.889323,35.5051,Low,Medium,school kits; uniforms; learning materials,6297.66,6291.54,2025-08-06,Completed,Low
CASE-0166,A 3-person household needs food parcels after flash flooding disrupted its income.,Food,3,Egypt,Aswan,Aswan,24.066604,32.917113,Medium,Medium,food parcels; cooking staples; infant nutrition,2647.92,1571.60,2025-05-25,Active,Medium
CASE-0167,Children need school materials and fee support after earthquake damage interrupted household income.,Education,2,Jordan,Amman,Amman,31.925884,35.953082,Medium,Medium,school kits; uniforms; learning materials,2320.16,2301.37,2026-05-24,Completed,Low
CASE-0168,Families affected by a house fire require staple food supplies for the coming weeks.,Food,14,Lebanon,Beirut,Beirut,33.916119,35.500744,High,High,food parcels; cooking staples; infant nutrition,7530.60,0.00,2026-06-21,Active,High
CASE-0169,Families need clean drinking water and storage containers after a house fire affected local supplies.,Water,54,Egypt,Alexandria,Alexandria,31.218988,29.899273,Medium,High,clean water; filtration kits; storage containers,29131.20,459.83,2026-01-08,Active,High
CASE-0170,A 8-person family needs temporary shelter after flash flooding made their home unsafe.,Emergency Housing,8,Egypt,Giza,6th of October,29.94455,30.94482,Medium,Medium,temporary shelter; repair materials; mattresses,4770.88,2893.41,2026-02-16,Active,Medium
CASE-0171,Housing repairs and safe temporary accommodation are needed following a severe storm.,Emergency Housing,4,Jordan,Irbid,Irbid,32.566692,35.8624,Medium,Medium,temporary shelter; repair materials; mattresses,3813.44,2215.42,2025-09-12,Active,Medium
CASE-0172,Housing repairs and safe temporary accommodation are needed following a severe storm.,Emergency Housing,17,Egypt,Giza,6th of October,29.94783,30.921917,Critical,Medium,temporary shelter; repair materials; mattresses,14033.48,9604.61,2025-11-26,Active,High
CASE-0173,Children need school materials and fee support after flash flooding interrupted household income.,Education,12,Tunisia,Tunis,Tunis,36.800843,10.159606,Medium,Low,school kits; uniforms; learning materials,4259.52,2305.92,2026-05-13,Active,Medium
CASE-0174,"Residents affected by a house fire need urgent medicines, examinations, and transport to care.",Medical Aid,18,Egypt,Alexandria,Alexandria,31.197274,29.902435,High,Low,medicines; clinic visits; medical transport,6375.60,5588.00,2026-07-27,Funded,Medium
CASE-0175,"A family needs medical assistance after flash flooding, including treatment and essential supplies.",Medical Aid,11,Tunisia,Tunis,Tunis,36.795209,10.157651,Medium,Medium,medicines; clinic visits; medical transport,7372.56,0.00,2025-11-02,Active,High
CASE-0176,Children need school materials and fee support after a severe storm interrupted household income.,Education,27,Egypt,Alexandria,Alexandria,31.205827,29.906069,High,Critical,school kits; uniforms; learning materials,16562.70,0.00,2026-02-19,Active,High
CASE-0177,Housing repairs and safe temporary accommodation are needed following a house fire.,Emergency Housing,35,Tunisia,Tunis,Tunis,36.82594,10.169212,High,Medium,temporary shelter; repair materials; mattresses,28228.20,1722.10,2025-05-23,Active,High
CASE-0178,A 5-person household needs food parcels after a house fire disrupted its income.,Food,5,Lebanon,Beirut,Beirut,33.886687,35.493222,Low,Medium,food parcels; cooking staples; infant nutrition,2861.50,2809.32,2026-05-08,Completed,Low
CASE-0179,"Families need seasonal clothing, blankets, and basic hygiene items after flash flooding.",Clothing,5,Jordan,Irbid,Irbid,32.565575,35.863183,Medium,Critical,seasonal clothing; blankets; hygiene kits,4243.20,1152.92,2026-08-12,Active,Medium
CASE-0180,A 33-person household needs food parcels after a severe storm disrupted its income.,Food,33,Egypt,Alexandria,Alexandria,31.178871,29.931931,High,Medium,food parcels; cooking staples; infant nutrition,11550.00,1855.38,2025-08-24,Active,High
CASE-0181,"A family needs medical assistance after a severe storm, including treatment and essential supplies.",Medical Aid,18,Jordan,Amman,Amman,31.956638,35.948681,High,Medium,medicines; clinic visits; medical transport,12695.76,102.22,2026-06-20,Active,High
CASE-0182,Families affected by local displacement require staple food supplies for the coming weeks.,Food,48,Tunisia,Tunis,Tunis,36.826342,10.196503,Critical,High,food parcels; cooking staples; infant nutrition,27306.72,4966.99,2025-08-12,Active,High
CASE-0183,Children need school materials and fee support after local displacement interrupted household income.,Education,7,Lebanon,Beirut,Beirut,33.895038,35.515026,Low,Critical,school kits; uniforms; learning materials,2978.32,0.00,2025-05-06,Active,Medium
CASE-0184,A 45-person household needs food parcels after flash flooding disrupted its income.,Food,45,Jordan,Amman,Amman,31.931383,35.942546,Critical,Low,food parcels; cooking staples; infant nutrition,19737.00,1125.42,2025-11-27,Active,High
CASE-0185,Housing repairs and safe temporary accommodation are needed following flash flooding.,Emergency Housing,11,Jordan,Irbid,Irbid,32.551242,35.837217,Medium,Medium,temporary shelter; repair materials; mattresses,5966.32,57.56,2025-09-29,Active,High
CASE-0186,A community requires emergency water deliveries because flash flooding disrupted access to safe water.,Water,42,Egypt,Aswan,Aswan,24.066495,32.893359,Medium,Medium,clean water; filtration kits; storage containers,12191.04,2807.84,2025-08-07,Active,Medium
CASE-0187,Children need school materials and fee support after local displacement interrupted household income.,Education,56,Egypt,Aswan,Aswan,24.09429,32.911902,High,Medium,school kits; uniforms; learning materials,28896.56,1332.21,2025-08-31,Active,High
CASE-0188,Housing repairs and safe temporary accommodation are needed following local displacement.,Emergency Housing,10,Jordan,Irbid,Irbid,32.565102,35.852041,Medium,High,temporary shelter; repair materials; mattresses,8024.00,3203.87,2025-12-31,Active,High
CASE-0189,A community requires emergency water deliveries because a severe storm disrupted access to safe water.,Water,55,Egypt,Aswan,Aswan,24.094931,32.88095,Critical,Medium,clean water; filtration kits; storage containers,31820.00,3872.02,2025-10-13,Active,High
CASE-0190,Children need school materials and fee support after local displacement interrupted household income.,Education,16,Tunisia,Tunis,Tunis,36.78732,10.175949,High,Medium,school kits; uniforms; learning materials,12301.52,1124.82,2025-11-23,Active,High
CASE-0191,"A family needs medical assistance after a severe storm, including treatment and essential supplies.",Medical Aid,22,Egypt,Giza,6th of October,29.964834,30.911098,High,High,medicines; clinic visits; medical transport,16157.68,3273.77,2026-08-15,Active,High
CASE-0192,People displaced by local displacement require clothing and blankets while they recover.,Clothing,3,Egypt,Cairo,Cairo,30.037914,31.226064,Low,Critical,seasonal clothing; blankets; hygiene kits,2502.78,0.00,2026-09-01,Under Review,Medium
CASE-0193,Families affected by a house fire require staple food supplies for the coming weeks.,Food,27,Tunisia,Tunis,Tunis,36.813189,10.172583,High,High,food parcels; cooking staples; infant nutrition,10117.80,4463.59,2026-07-13,Active,High
CASE-0194,A 14-person household needs food parcels after a house fire disrupted its income.,Food,14,Egypt,Giza,6th of October,29.970164,30.945449,High,Critical,food parcels; cooking staples; infant nutrition,11756.36,0.00,2025-06-03,Active,High
CASE-0195,A 8-person family needs temporary shelter after flash flooding made their home unsafe.,Emergency Housing,8,Egypt,Aswan,Aswan,24.065298,32.904646,Low,Medium,temporary shelter; repair materials; mattresses,4432.08,4311.69,2026-01-08,Completed,Low
CASE-0196,People displaced by flash flooding require clothing and blankets while they recover.,Clothing,6,Egypt,Aswan,Aswan,24.091636,32.920415,Medium,Critical,seasonal clothing; blankets; hygiene kits,4063.68,0.00,2025-06-25,Active,High
CASE-0197,"Residents affected by earthquake damage need urgent medicines, examinations, and transport to care.",Medical Aid,17,Jordan,Amman,Amman,31.932167,35.952789,Critical,High,medicines; clinic visits; medical transport,10524.68,0.00,2025-06-01,Active,Critical
CASE-0198,A community requires emergency water deliveries because a severe storm disrupted access to safe water.,Water,47,Egypt,Aswan,Aswan,24.078599,32.914238,Medium,High,clean water; filtration kits; storage containers,28390.00,0.00,2026-07-31,Active,High
CASE-0199,Families affected by flash flooding require staple food supplies for the coming weeks.,Food,7,Egypt,Giza,6th of October,29.959342,30.939964,Medium,Medium,food parcels; cooking staples; infant nutrition,4936.80,2229.88,2026-03-12,Active,Medium
CASE-0200,A community requires emergency water deliveries because local displacement disrupted access to safe water.,Water,115,Egypt,Aswan,Aswan,24.094078,32.890958,High,High,clean water; filtration kits; storage containers,68506.90,4182.57,2025-09-17,Active,High
CASE-0201,People displaced by a house fire require clothing and blankets while they recover.,Clothing,45,Lebanon,Beirut,Beirut,33.88809,35.508764,High,High,seasonal clothing; blankets; hygiene kits,17810.10,1927.42,2026-02-25,Active,High
CASE-0202,"Families need seasonal clothing, blankets, and basic hygiene items after local displacement.",Clothing,24,Egypt,Aswan,Aswan,24.109183,32.91787,High,Medium,seasonal clothing; blankets; hygiene kits,16170.00,2809.53,2025-09-07,Active,High
CASE-0203,A 10-person family needs temporary shelter after flash flooding made their home unsafe.,Emergency Housing,10,Egypt,Giza,6th of October,29.959674,30.90834,Medium,Low,temporary shelter; repair materials; mattresses,6092.80,0.00,2025-11-11,Active,Medium
CASE-0204,People displaced by a house fire require clothing and blankets while they recover.,Clothing,9,Jordan,Irbid,Irbid,32.565314,35.850782,Medium,Critical,seasonal clothing; blankets; hygiene kits,6695.28,3210.53,2025-08-15,Active,Medium
CASE-0205,"Families need seasonal clothing, blankets, and basic hygiene items after a house fire.",Clothing,6,Lebanon,Beirut,Beirut,33.916539,35.507578,Medium,High,seasonal clothing; blankets; hygiene kits,4855.20,4034.24,2026-08-04,Funded,Medium
CASE-0206,Families affected by earthquake damage require staple food supplies for the coming weeks.,Food,12,Egypt,Giza,6th of October,29.950844,30.919709,Critical,Medium,food parcels; cooking staples; infant nutrition,8772.00,2013.64,2025-10-28,Active,High
CASE-0207,Families affected by a severe storm require staple food supplies for the coming weeks.,Food,29,Egypt,Cairo,Cairo,30.051795,31.25185,High,Low,food parcels; cooking staples; infant nutrition,19160.68,1624.66,2026-07-09,Active,Medium
CASE-0208,A 10-person household needs food parcels after a severe storm disrupted its income.,Food,10,Tunisia,Tunis,Tunis,36.828516,10.201987,Low,Medium,food parcels; cooking staples; infant nutrition,5192.00,1086.70,2026-08-06,Active,Medium
CASE-0209,Education support is needed for children whose learning was disrupted by local displacement.,Education,9,Tunisia,Tunis,Tunis,36.816299,10.186749,Medium,Medium,school kits; uniforms; learning materials,6695.28,1733.71,2025-09-09,Active,Medium
CASE-0210,People displaced by a house fire require clothing and blankets while they recover.,Clothing,25,Egypt,Alexandria,Alexandria,31.215842,29.933341,High,Medium,seasonal clothing; blankets; hygiene kits,18595.50,1135.40,2026-07-15,Active,High
CASE-0211,"A family needs medical assistance after local displacement, including treatment and essential supplies.",Medical Aid,36,Egypt,Cairo,Cairo,30.034649,31.243266,Critical,High,medicines; clinic visits; medical transport,18328.32,3830.74,2025-09-07,Active,Critical
CASE-0212,"A family needs medical assistance after a house fire, including treatment and essential supplies.",Medical Aid,32,Egypt,Giza,6th of October,29.979977,30.923571,High,High,medicines; clinic visits; medical transport,15430.80,4118.16,2026-05-24,Active,High
CASE-0213,"A family needs medical assistance after local displacement, including treatment and essential supplies.",Medical Aid,2,Egypt,Cairo,Cairo,30.040542,31.220003,Medium,Medium,medicines; clinic visits; medical transport,1977.44,1665.75,2025-08-24,Funded,Medium
CASE-0214,"Residents affected by flash flooding need urgent medicines, examinations, and transport to care.",Medical Aid,10,Jordan,Irbid,Irbid,32.547407,35.861055,Low,High,medicines; clinic visits; medical transport,3658.00,2091.16,2025-07-25,Active,Medium
CASE-0215,"Families need seasonal clothing, blankets, and basic hygiene items after flash flooding.",Clothing,34,Jordan,Amman,Amman,31.932117,35.951245,High,Low,seasonal clothing; blankets; hygiene kits,14476.00,1530.43,2025-07-24,Active,Medium
CASE-0216,Families affected by flash flooding require staple food supplies for the coming weeks.,Food,8,Egypt,Cairo,Cairo,30.05082,31.252452,Medium,Medium,food parcels; cooking staples; infant nutrition,5108.16,4882.52,2025-05-27,Completed,Low
CASE-0217,Education support is needed for children whose learning was disrupted by earthquake damage.,Education,10,Jordan,Amman,Amman,31.92503,35.951703,Medium,High,school kits; uniforms; learning materials,5848.00,5012.20,2026-04-18,Funded,Medium
CASE-0218,People displaced by earthquake damage require clothing and blankets while they recover.,Clothing,7,Jordan,Amman,Amman,31.94731,35.950666,Low,Critical,seasonal clothing; blankets; hygiene kits,4638.58,3006.42,2026-02-12,Active,Medium
CASE-0219,"Families need seasonal clothing, blankets, and basic hygiene items after a house fire.",Clothing,8,Egypt,Giza,6th of October,29.951331,30.923,Low,High,seasonal clothing; blankets; hygiene kits,5338.32,2189.42,2025-04-02,Active,Medium
CASE-0220,People displaced by a house fire require clothing and blankets while they recover.,Clothing,53,Egypt,Cairo,Cairo,30.031707,31.249103,High,High,seasonal clothing; blankets; hygiene kits,38849.58,1484.68,2025-05-26,Active,High
CASE-0221,"Residents affected by a house fire need urgent medicines, examinations, and transport to care.",Medical Aid,46,Egypt,Cairo,Cairo,30.028077,31.228208,Critical,High,medicines; clinic visits; medical transport,27499.36,986.54,2026-07-09,Active,Critical
CASE-0222,"A family needs medical assistance after a severe storm, including treatment and essential supplies.",Medical Aid,10,Lebanon,Beirut,Beirut,33.892118,35.486384,Low,Critical,medicines; clinic visits; medical transport,4849.80,2925.37,2026-01-01,Active,Medium
CASE-0223,"Families need seasonal clothing, blankets, and basic hygiene items after earthquake damage.",Clothing,12,Jordan,Amman,Amman,31.92752,35.935565,Medium,Medium,seasonal clothing; blankets; hygiene kits,9384.00,4430.08,2025-12-10,Active,Medium
CASE-0224,"Families need seasonal clothing, blankets, and basic hygiene items after earthquake damage.",Clothing,9,Tunisia,Tunis,Tunis,36.82297,10.163562,High,High,seasonal clothing; blankets; hygiene kits,5738.04,3505.49,2025-12-22,Active,Medium
CASE-0225,A 2-person household needs food parcels after flash flooding disrupted its income.,Food,2,Tunisia,Tunis,Tunis,36.791923,10.192663,Low,High,food parcels; cooking staples; infant nutrition,1633.12,1217.28,2025-10-11,Active,Low
CASE-0226,Children need school materials and fee support after a house fire interrupted household income.,Education,11,Egypt,Alexandria,Alexandria,31.186529,29.928527,High,High,school kits; uniforms; learning materials,9652.72,3220.27,2025-08-19,Active,High
CASE-0227,"Residents affected by a house fire need urgent medicines, examinations, and transport to care.",Medical Aid,39,Jordan,Amman,Amman,31.95079,35.914773,High,Critical,medicines; clinic visits; medical transport,30334.92,0.00,2025-11-19,Active,Critical
CASE-0228,Families need clean drinking water and storage containers after flash flooding affected local supplies.,Water,55,Jordan,Irbid,Irbid,32.539874,35.850488,Medium,Medium,clean water; filtration kits; storage containers,39521.60,6302.02,2026-06-16,Active,High
CASE-0229,Children need school materials and fee support after flash flooding interrupted household income.,Education,13,Egypt,Cairo,Cairo,30.065973,31.242231,High,Medium,school kits; uniforms; learning materials,8393.00,1646.35,2026-07-19,Active,High
CASE-0230,"Families need seasonal clothing, blankets, and basic hygiene items after a house fire.",Clothing,26,Lebanon,Beirut,Beirut,33.886039,35.481076,High,High,seasonal clothing; blankets; hygiene kits,16240.84,0.00,2025-07-14,Active,High
CASE-0231,People displaced by earthquake damage require clothing and blankets while they recover.,Clothing,11,Tunisia,Tunis,Tunis,36.793363,10.188488,Medium,Low,seasonal clothing; blankets; hygiene kits,6519.84,2658.41,2025-04-26,Active,Medium
CASE-0232,Housing repairs and safe temporary accommodation are needed following local displacement.,Emergency Housing,17,Egypt,Cairo,Cairo,30.062392,31.211932,Critical,Critical,temporary shelter; repair materials; mattresses,13214.76,6244.72,2026-04-16,Active,Critical
CASE-0233,"A family needs medical assistance after earthquake damage, including treatment and essential supplies.",Medical Aid,11,Egypt,Alexandria,Alexandria,31.2006,29.933789,Medium,High,medicines; clinic visits; medical transport,5652.16,4012.89,2026-01-01,Active,Medium
CASE-0234,A 37-person household needs food parcels after a severe storm disrupted its income.,Food,37,Lebanon,Beirut,Beirut,33.914953,35.51733,Critical,Low,food parcels; cooking staples; infant nutrition,18985.36,208.58,2025-09-12,Active,High
CASE-0235,A 12-person household needs food parcels after a severe storm disrupted its income.,Food,12,Jordan,Irbid,Irbid,32.552296,35.857845,Low,Critical,food parcels; cooking staples; infant nutrition,6910.08,1041.92,2025-12-14,Active,High
CASE-0236,Families affected by flash flooding require staple food supplies for the coming weeks.,Food,11,Egypt,Cairo,Cairo,30.059617,31.250641,Medium,High,food parcels; cooking staples; infant nutrition,7387.52,2861.36,2025-08-31,Active,Medium
CASE-0237,People displaced by flash flooding require clothing and blankets while they recover.,Clothing,3,Egypt,Alexandria,Alexandria,31.192586,29.931849,Medium,Medium,seasonal clothing; blankets; hygiene kits,2652.00,2638.23,2026-04-27,Completed,Low
CASE-0238,"Residents affected by a severe storm need urgent medicines, examinations, and transport to care.",Medical Aid,2,Egypt,Alexandria,Alexandria,31.214606,29.894765,Medium,High,medicines; clinic visits; medical transport,2015.52,1951.07,2025-12-31,Completed,Medium
CASE-0239,Education support is needed for children whose learning was disrupted by earthquake damage.,Education,22,Egypt,Giza,6th of October,29.945676,30.906271,High,High,school kits; uniforms; learning materials,8534.68,0.00,2025-10-26,Active,High
CASE-0240,"Residents affected by earthquake damage need urgent medicines, examinations, and transport to care.",Medical Aid,11,Egypt,Giza,6th of October,29.958203,30.92853,Medium,High,medicines; clinic visits; medical transport,8030.80,1756.84,2026-08-07,Active,High
CASE-0241,"A family needs medical assistance after a house fire, including treatment and essential supplies.",Medical Aid,9,Egypt,Aswan,Aswan,24.073567,32.922067,Medium,Critical,medicines; clinic visits; medical transport,6266.88,0.00,2026-01-21,Active,High
CASE-0242,"Families need seasonal clothing, blankets, and basic hygiene items after local displacement.",Clothing,4,Egypt,Aswan,Aswan,24.075167,32.886817,Medium,Critical,seasonal clothing; blankets; hygiene kits,2464.32,1628.61,2025-05-14,Active,Medium
CASE-0243,"A family needs medical assistance after flash flooding, including treatment and essential supplies.",Medical Aid,7,Jordan,Amman,Amman,31.95562,35.920815,Medium,Medium,medicines; clinic visits; medical transport,4070.48,2877.89,2026-06-26,Active,Medium
CASE-0244,A 9-person family needs temporary shelter after flash flooding made their home unsafe.,Emergency Housing,9,Egypt,Alexandria,Alexandria,31.202877,29.90393,Medium,High,temporary shelter; repair materials; mattresses,7576.56,0.00,2026-03-08,Active,High
CASE-0245,A 57-person household needs food parcels after a severe storm disrupted its income.,Food,57,Jordan,Irbid,Irbid,32.541596,35.869584,Critical,Critical,food parcels; cooking staples; infant nutrition,35862.00,1353.46,2026-02-10,Active,Critical
CASE-0246,"A family needs medical assistance after flash flooding, including treatment and essential supplies.",Medical Aid,51,Tunisia,Tunis,Tunis,36.800287,10.180911,High,Critical,medicines; clinic visits; medical transport,41127.24,0.00,2026-05-18,Active,Critical
CASE-0247,Education support is needed for children whose learning was disrupted by flash flooding.,Education,3,Egypt,Giza,6th of October,29.950587,30.930656,Medium,Critical,school kits; uniforms; learning materials,2627.52,1476.81,2025-04-10,Active,Medium
CASE-0248,People displaced by a house fire require clothing and blankets while they recover.,Clothing,8,Lebanon,Beirut,Beirut,33.87456,35.47829,High,Medium,seasonal clothing; blankets; hygiene kits,5624.08,1581.59,2025-12-11,Active,Medium
CASE-0249,"Residents affected by earthquake damage need urgent medicines, examinations, and transport to care.",Medical Aid,33,Egypt,Aswan,Aswan,24.09083,32.88564,High,High,medicines; clinic visits; medical transport,23289.42,347.56,2025-09-21,Active,High
CASE-0250,"A family needs medical assistance after flash flooding, including treatment and essential supplies.",Medical Aid,9,Egypt,Aswan,Aswan,24.106031,32.888558,Low,Medium,medicines; clinic visits; medical transport,2984.22,2971.72,2025-04-12,Completed,Low
CASE-0251,Families need clean drinking water and storage containers after local displacement affected local supplies.,Water,97,Jordan,Irbid,Irbid,32.556967,35.840489,Medium,Medium,clean water; filtration kits; storage containers,67843.60,2992.81,2026-08-05,Active,High
CASE-0252,Housing repairs and safe temporary accommodation are needed following a severe storm.,Emergency Housing,28,Egypt,Aswan,Aswan,24.094226,32.893609,High,Medium,temporary shelter; repair materials; mattresses,21738.64,1936.87,2026-02-04,Active,High
CASE-0253,Families need clean drinking water and storage containers after flash flooding affected local supplies.,Water,70,Egypt,Cairo,Cairo,30.068198,31.22388,High,Low,clean water; filtration kits; storage containers,48494.60,1578.34,2026-01-14,Active,High
CASE-0254,"Residents affected by earthquake damage need urgent medicines, examinations, and transport to care.",Medical Aid,6,Egypt,Aswan,Aswan,24.069541,32.919509,Medium,High,medicines; clinic visits; medical transport,4651.20,4152.73,2026-01-04,Funded,Medium
CASE-0255,Education support is needed for children whose learning was disrupted by earthquake damage.,Education,4,Tunisia,Tunis,Tunis,36.78198,10.18998,Medium,Medium,school kits; uniforms; learning materials,2284.80,157.25,2026-08-17,Active,Medium
CASE-0256,A 5-person household needs food parcels after local displacement disrupted its income.,Food,5,Tunisia,Tunis,Tunis,36.823879,10.186109,Low,High,food parcels; cooking staples; infant nutrition,3687.50,2933.22,2025-11-23,Funded,Low
CASE-0257,"A family needs medical assistance after earthquake damage, including treatment and essential supplies.",Medical Aid,3,Egypt,Cairo,Cairo,30.02003,31.21228,Low,Medium,medicines; clinic visits; medical transport,2077.98,1816.93,2026-01-15,Funded,Low
CASE-0258,"Residents affected by a severe storm need urgent medicines, examinations, and transport to care.",Medical Aid,12,Egypt,Aswan,Aswan,24.111562,32.902101,Low,Critical,medicines; clinic visits; medical transport,3837.36,1797.09,2025-06-06,Active,High
CASE-0259,A 45-person household needs food parcels after local displacement disrupted its income.,Food,45,Jordan,Irbid,Irbid,32.532937,35.857089,High,High,food parcels; cooking staples; infant nutrition,36451.80,543.59,2025-10-09,Active,High
CASE-0260,Housing repairs and safe temporary accommodation are needed following earthquake damage.,Emergency Housing,4,Jordan,Irbid,Irbid,32.570747,35.856649,Medium,Critical,temporary shelter; repair materials; mattresses,3176.96,2965.51,2025-06-29,Funded,Medium
CASE-0261,A 51-person household needs food parcels after local displacement disrupted its income.,Food,51,Egypt,Giza,6th of October,29.968134,30.941561,High,High,food parcels; cooking staples; infant nutrition,32487.84,1776.31,2026-02-15,Active,High
CASE-0262,A 31-person household needs food parcels after flash flooding disrupted its income.,Food,31,Egypt,Aswan,Aswan,24.071886,32.900398,High,High,food parcels; cooking staples; infant nutrition,12366.20,0.00,2026-01-15,Active,High
CASE-0263,A 9-person household needs food parcels after a severe storm disrupted its income.,Food,9,Egypt,Giza,6th of October,29.946305,30.919817,Low,High,food parcels; cooking staples; infant nutrition,5649.84,0.00,2025-06-10,Active,Medium
CASE-0264,"Residents affected by a house fire need urgent medicines, examinations, and transport to care.",Medical Aid,6,Jordan,Irbid,Irbid,32.558479,35.854538,Low,Low,medicines; clinic visits; medical transport,3886.92,3716.72,2025-07-13,Completed,Low
CASE-0265,"Residents affected by a severe storm need urgent medicines, examinations, and transport to care.",Medical Aid,36,Jordan,Irbid,Irbid,32.578782,35.832148,High,Medium,medicines; clinic visits; medical transport,16077.60,4741.97,2025-09-22,Active,High
CASE-0266,Children need school materials and fee support after a house fire interrupted household income.,Education,4,Egypt,Alexandria,Alexandria,31.203028,29.90301,Medium,Low,school kits; uniforms; learning materials,3160.64,2261.12,2025-12-01,Active,Low
CASE-0267,People displaced by earthquake damage require clothing and blankets while they recover.,Clothing,16,Egypt,Aswan,Aswan,24.078299,32.908848,Critical,Critical,seasonal clothing; blankets; hygiene kits,7767.52,692.08,2025-09-07,Active,Critical
CASE-0268,A 31-person family needs temporary shelter after a house fire made their home unsafe.,Emergency Housing,31,Egypt,Aswan,Aswan,24.097255,32.912907,High,Critical,temporary shelter; repair materials; mattresses,19193.02,2658.49,2025-03-19,Active,Critical
CASE-0269,"Families need seasonal clothing, blankets, and basic hygiene items after flash flooding.",Clothing,6,Tunisia,Tunis,Tunis,36.782354,10.158152,Medium,Low,seasonal clothing; blankets; hygiene kits,4920.48,4642.40,2026-02-02,Funded,Low
CASE-0270,Housing repairs and safe temporary accommodation are needed following flash flooding.,Emergency Housing,5,Egypt,Giza,6th of October,29.948187,30.929212,Low,Medium,temporary shelter; repair materials; mattresses,3327.60,3200.13,2026-03-16,Completed,Low
CASE-0271,A 7-person household needs food parcels after a house fire disrupted its income.,Food,7,Jordan,Irbid,Irbid,32.564949,35.837675,Low,Medium,food parcels; cooking staples; infant nutrition,4076.90,103.60,2025-11-09,Active,Medium
CASE-0272,A 8-person family needs temporary shelter after a severe storm made their home unsafe.,Emergency Housing,8,Egypt,Alexandria,Alexandria,31.196883,29.901826,Medium,Low,temporary shelter; repair materials; mattresses,4651.20,838.50,2025-06-17,Active,Medium
CASE-0273,"A family needs medical assistance after flash flooding, including treatment and essential supplies.",Medical Aid,37,Egypt,Giza,6th of October,29.966432,30.929016,Critical,High,medicines; clinic visits; medical transport,24140.20,2024.11,2025-08-17,Active,Critical
CASE-0274,Families affected by local displacement require staple food supplies for the coming weeks.,Food,43,Lebanon,Beirut,Beirut,33.91367,35.519606,High,Low,food parcels; cooking staples; infant nutrition,21516.88,2219.61,2026-03-22,Active,Medium
CASE-0275,"Families need seasonal clothing, blankets, and basic hygiene items after flash flooding.",Clothing,5,Egypt,Giza,6th of October,29.946704,30.949174,Medium,Medium,seasonal clothing; blankets; hygiene kits,4617.20,0.00,2026-08-05,Active,Medium
CASE-0276,A 12-person family needs temporary shelter after flash flooding made their home unsafe.,Emergency Housing,12,Egypt,Alexandria,Alexandria,31.21797,29.899598,Low,Medium,temporary shelter; repair materials; mattresses,5253.36,2946.40,2025-12-26,Active,Medium
CASE-0277,People displaced by a severe storm require clothing and blankets while they recover.,Clothing,12,Jordan,Irbid,Irbid,32.54443,35.837404,Low,Critical,seasonal clothing; blankets; hygiene kits,4163.04,2463.23,2026-01-26,Active,Medium
CASE-0278,Education support is needed for children whose learning was disrupted by a house fire.,Education,10,Egypt,Cairo,Cairo,30.037071,31.222381,Medium,Medium,school kits; uniforms; learning materials,6106.40,1238.42,2026-06-16,Active,Medium
CASE-0279,Families need clean drinking water and storage containers after a severe storm affected local supplies.,Water,102,Egypt,Giza,6th of October,29.952662,30.934697,Medium,Medium,clean water; filtration kits; storage containers,54215.04,1265.08,2026-05-24,Active,High
CASE-0280,A community requires emergency water deliveries because a severe storm disrupted access to safe water.,Water,109,Egypt,Cairo,Cairo,30.031802,31.241779,High,Medium,clean water; filtration kits; storage containers,73901.52,4758.48,2025-09-19,Active,High
CASE-0281,A 7-person family needs temporary shelter after a house fire made their home unsafe.,Emergency Housing,7,Egypt,Aswan,Aswan,24.070552,32.897498,Medium,Medium,temporary shelter; repair materials; mattresses,5174.80,2184.13,2026-01-12,Active,Medium
CASE-0282,"Families need seasonal clothing, blankets, and basic hygiene items after flash flooding.",Clothing,12,Egypt,Alexandria,Alexandria,31.180243,29.924128,High,High,seasonal clothing; blankets; hygiene kits,4878.72,3209.46,2025-05-11,Active,Medium
CASE-0283,"Families need seasonal clothing, blankets, and basic hygiene items after flash flooding.",Clothing,2,Egypt,Aswan,Aswan,24.106377,32.894199,Medium,High,seasonal clothing; blankets; hygiene kits,2630.24,2609.74,2025-03-29,Completed,Low
CASE-0284,"Residents affected by a house fire need urgent medicines, examinations, and transport to care.",Medical Aid,3,Egypt,Alexandria,Alexandria,31.221459,29.908154,Medium,Critical,medicines; clinic visits; medical transport,2696.88,1573.11,2025-10-30,Active,High
CASE-0285,Children need school materials and fee support after a severe storm interrupted household income.,Education,5,Egypt,Giza,6th of October,29.984621,30.910381,Medium,Medium,school kits; uniforms; learning materials,4256.80,1724.05,2025-10-30,Active,Medium
CASE-0286,A 6-person household needs food parcels after local displacement disrupted its income.,Food,6,Jordan,Amman,Amman,31.958672,35.927983,Low,Medium,food parcels; cooking staples; infant nutrition,2853.24,1058.38,2026-02-18,Active,Low
CASE-0287,"Residents affected by local displacement need urgent medicines, examinations, and transport to care.",Medical Aid,2,Jordan,Amman,Amman,31.929787,35.928934,Low,Low,medicines; clinic visits; medical transport,2180.64,2160.38,2025-05-30,Completed,Low
CASE-0288,Families need clean drinking water and storage containers after flash flooding affected local supplies.,Water,39,Egypt,Cairo,Cairo,30.030344,31.227836,Medium,Medium,clean water; filtration kits; storage containers,26364.96,2313.75,2026-06-16,Active,Medium
CASE-0289,People displaced by earthquake damage require clothing and blankets while they recover.,Clothing,11,Lebanon,Beirut,Beirut,33.894855,35.518366,Medium,Medium,seasonal clothing; blankets; hygiene kits,7417.44,820.52,2025-08-05,Active,Medium
CASE-0290,Families need clean drinking water and storage containers after a severe storm affected local supplies.,Water,149,Egypt,Giza,6th of October,29.947476,30.908909,High,Critical,clean water; filtration kits; storage containers,100742.18,490.88,2026-02-11,Active,Critical
CASE-0291,"Families need seasonal clothing, blankets, and basic hygiene items after a severe storm.",Clothing,18,Egypt,Cairo,Cairo,30.032895,31.236565,High,Critical,seasonal clothing; blankets; hygiene kits,12806.64,6404.52,2025-04-24,Active,High
CASE-0292,Children need school materials and fee support after earthquake damage interrupted household income.,Education,9,Jordan,Amman,Amman,31.966313,35.937914,Medium,High,school kits; uniforms; learning materials,4271.76,1216.00,2026-03-01,Active,Medium
CASE-0293,"Families need seasonal clothing, blankets, and basic hygiene items after a house fire.",Clothing,5,Egypt,Alexandria,Alexandria,31.189613,29.896964,High,Medium,seasonal clothing; blankets; hygiene kits,5028.10,0.00,2025-10-19,Active,Medium
CASE-0294,A 10-person household needs food parcels after a house fire disrupted its income.,Food,10,Lebanon,Beirut,Beirut,33.900922,35.490515,Medium,Critical,food parcels; cooking staples; infant nutrition,5440.00,2919.42,2026-08-18,Active,High
CASE-0295,"Residents affected by earthquake damage need urgent medicines, examinations, and transport to care.",Medical Aid,42,Egypt,Aswan,Aswan,24.072591,32.878992,High,High,medicines; clinic visits; medical transport,14839.44,292.12,2025-09-04,Active,High
CASE-0296,Children need school materials and fee support after flash flooding interrupted household income.,Education,3,Jordan,Irbid,Irbid,32.580407,35.85704,Medium,High,school kits; uniforms; learning materials,3006.96,627.01,2025-05-07,Active,Medium
CASE-0297,"Families need seasonal clothing, blankets, and basic hygiene items after earthquake damage.",Clothing,4,Egypt,Aswan,Aswan,24.105396,32.884782,Medium,High,seasonal clothing; blankets; hygiene kits,2290.24,0.00,2025-10-07,Active,Medium
CASE-0298,Children need school materials and fee support after a severe storm interrupted household income.,Education,6,Tunisia,Tunis,Tunis,36.825656,10.189912,Medium,Medium,school kits; uniforms; learning materials,3835.20,1407.51,2025-11-28,Active,Medium
CASE-0299,People displaced by flash flooding require clothing and blankets while they recover.,Clothing,53,Tunisia,Tunis,Tunis,36.788264,10.159976,High,Low,seasonal clothing; blankets; hygiene kits,22852.06,1461.98,2025-05-27,Active,High
CASE-0300,"Families need seasonal clothing, blankets, and basic hygiene items after earthquake damage.",Clothing,26,Jordan,Irbid,Irbid,32.541089,35.870767,High,Medium,seasonal clothing; blankets; hygiene kits,18002.60,1626.68,2026-08-08,Active,High
CASE-0301,"Families need seasonal clothing, blankets, and basic hygiene items after flash flooding.",Clothing,11,Egypt,Cairo,Cairo,30.066755,31.246437,Medium,Medium,seasonal clothing; blankets; hygiene kits,7492.24,313.35,2025-08-19,Active,Medium
CASE-0302,"Families need seasonal clothing, blankets, and basic hygiene items after a severe storm.",Clothing,10,Jordan,Amman,Amman,31.949921,35.943635,Medium,Low,seasonal clothing; blankets; hygiene kits,5372.00,1300.79,2025-11-06,Active,Medium
CASE-0303,People displaced by local displacement require clothing and blankets while they recover.,Clothing,7,Egypt,Giza,6th of October,29.980491,30.907151,Medium,High,seasonal clothing; blankets; hygiene kits,4222.80,2369.78,2026-08-03,Active,Medium
CASE-0304,"Residents affected by a severe storm need urgent medicines, examinations, and transport to care.",Medical Aid,41,Egypt,Cairo,Cairo,30.044172,31.216024,High,High,medicines; clinic visits; medical transport,15276.80,4017.11,2025-09-07,Active,High
CASE-0305,A 9-person household needs food parcels after local displacement disrupted its income.,Food,9,Jordan,Amman,Amman,31.93412,35.915489,Low,Critical,food parcels; cooking staples; infant nutrition,3313.44,0.00,2025-10-18,Active,Medium
CASE-0306,Housing repairs and safe temporary accommodation are needed following a severe storm.,Emergency Housing,12,Jordan,Irbid,Irbid,32.5375,35.834121,Medium,Medium,temporary shelter; repair materials; mattresses,5108.16,2401.29,2025-08-29,Active,Medium
CASE-0307,Children need school materials and fee support after a severe storm interrupted household income.,Education,2,Egypt,Giza,6th of October,29.955811,30.906613,Medium,Medium,school kits; uniforms; learning materials,2105.28,1521.85,2025-04-14,Active,Low
CASE-0308,"A family needs medical assistance after flash flooding, including treatment and essential supplies.",Medical Aid,3,Egypt,Alexandria,Alexandria,31.207983,29.941446,Medium,Medium,medicines; clinic visits; medical transport,2554.08,2537.55,2025-08-03,Completed,Low
CASE-0309,Families need clean drinking water and storage containers after a severe storm affected local supplies.,Water,113,Lebanon,Beirut,Beirut,33.908242,35.480075,Low,High,clean water; filtration kits; storage containers,25863.24,4956.34,2026-08-21,Active,High
CASE-0310,Families affected by a severe storm require staple food supplies for the coming weeks.,Food,5,Jordan,Irbid,Irbid,32.553726,35.850075,Medium,High,food parcels; cooking staples; infant nutrition,3978.00,2955.79,2025-11-04,Active,Medium
CASE-0311,"Families need seasonal clothing, blankets, and basic hygiene items after flash flooding.",Clothing,25,Jordan,Amman,Amman,31.964321,35.931002,High,High,seasonal clothing; blankets; hygiene kits,15092.00,301.29,2025-11-07,Active,High
CASE-0312,Education support is needed for children whose learning was disrupted by earthquake damage.,Education,19,Egypt,Aswan,Aswan,24.096181,32.90657,High,High,school kits; uniforms; learning materials,9373.98,1671.12,2026-04-27,Active,High
CASE-0313,Housing repairs and safe temporary accommodation are needed following flash flooding.,Emergency Housing,21,Jordan,Amman,Amman,31.929787,35.949167,Critical,High,temporary shelter; repair materials; mattresses,8230.20,2288.98,2026-01-07,Active,High
CASE-0314,A community requires emergency water deliveries because a house fire disrupted access to safe water.,Water,89,Egypt,Giza,6th of October,29.965913,30.90556,Medium,Critical,clean water; filtration kits; storage containers,33057.52,1500.09,2026-01-01,Active,High
CASE-0315,Housing repairs and safe temporary accommodation are needed following earthquake damage.,Emergency Housing,8,Egypt,Alexandria,Alexandria,31.215684,29.942315,Low,High,temporary shelter; repair materials; mattresses,5621.52,0.00,2025-06-01,Active,Medium
CASE-0316,Education support is needed for children whose learning was disrupted by a house fire.,Education,6,Tunisia,Tunis,Tunis,36.786227,10.187112,Medium,Critical,school kits; uniforms; learning materials,4651.20,3435.35,2026-03-13,Active,Medium
CASE-0317,Children need school materials and fee support after earthquake damage interrupted household income.,Education,7,Egypt,Giza,6th of October,29.989885,30.904675,High,Medium,school kits; uniforms; learning materials,6829.90,2508.95,2025-05-11,Active,Medium
CASE-0318,Families need clean drinking water and storage containers after earthquake damage affected local supplies.,Water,42,Tunisia,Tunis,Tunis,36.812448,10.180209,Critical,Critical,clean water; filtration kits; storage containers,16646.16,0.00,2026-08-20,Active,Critical
CASE-0319,"Families need seasonal clothing, blankets, and basic hygiene items after a severe storm.",Clothing,7,Egypt,Giza,6th of October,29.950916,30.915478,Low,Medium,seasonal clothing; blankets; hygiene kits,3135.26,1823.79,2025-09-11,Active,Low
CASE-0320,"A family needs medical assistance after flash flooding, including treatment and essential supplies.",Medical Aid,47,Jordan,Amman,Amman,31.948981,35.939048,Critical,Medium,medicines; clinic visits; medical transport,30084.52,0.00,2025-10-03,Active,High
CASE-0321,A 3-person family needs temporary shelter after earthquake damage made their home unsafe.,Emergency Housing,3,Jordan,Irbid,Irbid,32.546124,35.8567,Low,Medium,temporary shelter; repair materials; mattresses,2832.00,2048.98,2026-08-29,Active,Low
CASE-0322,Education support is needed for children whose learning was disrupted by earthquake damage.,Education,12,Jordan,Irbid,Irbid,32.555167,35.861041,Medium,High,school kits; uniforms; learning materials,5744.64,3574.15,2026-08-13,Active,Medium
CASE-0323,"Families need seasonal clothing, blankets, and basic hygiene items after flash flooding.",Clothing,9,Jordan,Amman,Amman,31.959531,35.938905,Medium,Low,seasonal clothing; blankets; hygiene kits,4969.44,4558.42,2025-10-15,Funded,Low
CASE-0324,Housing repairs and safe temporary accommodation are needed following a house fire.,Emergency Housing,13,Egypt,Cairo,Cairo,30.053047,31.248965,High,Critical,temporary shelter; repair materials; mattresses,9994.60,1389.16,2026-05-07,Active,Critical
CASE-0325,A 48-person family needs temporary shelter after flash flooding made their home unsafe.,Emergency Housing,48,Jordan,Irbid,Irbid,32.557587,35.852058,High,Critical,temporary shelter; repair materials; mattresses,20753.04,2811.06,2025-11-07,Active,Critical
CASE-0326,"A family needs medical assistance after earthquake damage, including treatment and essential supplies.",Medical Aid,9,Egypt,Giza,6th of October,29.949734,30.913106,Medium,Medium,medicines; clinic visits; medical transport,6254.64,4396.65,2025-12-30,Active,Medium
CASE-0327,"Residents affected by a house fire need urgent medicines, examinations, and transport to care.",Medical Aid,7,Jordan,Amman,Amman,31.96633,35.927678,Low,Medium,medicines; clinic visits; medical transport,2961.80,2472.53,2025-12-13,Funded,Low
CASE-0328,"A family needs medical assistance after flash flooding, including treatment and essential supplies.",Medical Aid,11,Tunisia,Tunis,Tunis,36.788849,10.203766,Medium,High,medicines; clinic visits; medical transport,8928.40,1867.48,2025-09-02,Active,High
CASE-0329,A community requires emergency water deliveries because a severe storm disrupted access to safe water.,Water,91,Egypt,Giza,6th of October,29.969135,30.915272,Medium,Medium,clean water; filtration kits; storage containers,54688.32,6447.17,2026-06-12,Active,High
CASE-0330,Children need school materials and fee support after a house fire interrupted household income.,Education,3,Jordan,Amman,Amman,31.9549,35.919461,Low,High,school kits; uniforms; learning materials,2056.74,1996.83,2025-08-11,Completed,Low
CASE-0331,A community requires emergency water deliveries because earthquake damage disrupted access to safe water.,Water,50,Jordan,Irbid,Irbid,32.540933,35.843876,Medium,High,clean water; filtration kits; storage containers,19448.00,2625.98,2025-10-07,Active,High
CASE-0332,Families affected by flash flooding require staple food supplies for the coming weeks.,Food,35,Tunisia,Tunis,Tunis,36.791783,10.195684,High,High,food parcels; cooking staples; infant nutrition,21275.10,395.83,2026-08-16,Active,High
CASE-0333,Families need clean drinking water and storage containers after flash flooding affected local supplies.,Water,45,Egypt,Aswan,Aswan,24.090599,32.903927,Medium,High,clean water; filtration kits; storage containers,20808.00,8528.00,2025-11-21,Active,Medium
CASE-0334,People displaced by a house fire require clothing and blankets while they recover.,Clothing,42,Egypt,Giza,6th of October,29.979727,30.928775,Critical,Medium,seasonal clothing; blankets; hygiene kits,16429.44,1467.10,2025-05-14,Active,High
CASE-0335,Families need clean drinking water and storage containers after a severe storm affected local supplies.,Water,64,Jordan,Irbid,Irbid,32.555091,35.864625,Low,Low,clean water; filtration kits; storage containers,31949.68,4355.82,2025-12-09,Active,Medium
CASE-0336,"A family needs medical assistance after a severe storm, including treatment and essential supplies.",Medical Aid,2,Jordan,Amman,Amman,31.958243,35.944554,Medium,High,medicines; clinic visits; medical transport,2137.92,989.85,2025-06-06,Active,Medium
CASE-0337,Education support is needed for children whose learning was disrupted by local displacement.,Education,11,Tunisia,Tunis,Tunis,36.798356,10.178444,Medium,Critical,school kits; uniforms; learning materials,6190.72,2659.39,2026-03-21,Active,High
CASE-0338,Families affected by a severe storm require staple food supplies for the coming weeks.,Food,18,Egypt,Alexandria,Alexandria,31.186877,29.925355,High,High,food parcels; cooking staples; infant nutrition,8759.52,1976.66,2026-04-22,Active,High
CASE-0339,Housing repairs and safe temporary accommodation are needed following flash flooding.,Emergency Housing,11,Egypt,Alexandria,Alexandria,31.191629,29.896146,Medium,Medium,temporary shelter; repair materials; mattresses,5906.48,3335.10,2026-01-16,Active,Medium
CASE-0340,People displaced by flash flooding require clothing and blankets while they recover.,Clothing,53,Egypt,Alexandria,Alexandria,31.192353,29.900107,High,Medium,seasonal clothing; blankets; hygiene kits,33299.42,8958.17,2025-12-30,Active,High
CASE-0341,A community requires emergency water deliveries because a house fire disrupted access to safe water.,Water,39,Egypt,Giza,6th of October,29.954827,30.949861,Medium,High,clean water; filtration kits; storage containers,16658.64,761.66,2026-04-11,Active,High
CASE-0342,"A family needs medical assistance after earthquake damage, including treatment and essential supplies.",Medical Aid,23,Tunisia,Tunis,Tunis,36.800306,10.203136,Critical,Medium,medicines; clinic visits; medical transport,19982.96,3003.84,2025-12-07,Active,High
CASE-0343,People displaced by local displacement require clothing and blankets while they recover.,Clothing,9,Egypt,Aswan,Aswan,24.096803,32.890699,Low,High,seasonal clothing; blankets; hygiene kits,4736.52,2880.64,2025-04-16,Active,Low
CASE-0344,People displaced by a severe storm require clothing and blankets while they recover.,Clothing,28,Jordan,Amman,Amman,31.933614,35.929989,High,High,seasonal clothing; blankets; hygiene kits,22773.52,1966.80,2026-08-10,Active,High
CASE-0345,Children need school materials and fee support after a house fire interrupted household income.,Education,43,Egypt,Alexandria,Alexandria,31.176792,29.906097,Critical,High,school kits; uniforms; learning materials,28543.40,2252.39,2025-12-12,Active,High
CASE-0346,"Residents affected by a severe storm need urgent medicines, examinations, and transport to care.",Medical Aid,24,Tunisia,Tunis,Tunis,36.814575,10.171141,High,Medium,medicines; clinic visits; medical transport,17241.84,1610.53,2025-09-26,Active,High
CASE-0347,"Families need seasonal clothing, blankets, and basic hygiene items after a house fire.",Clothing,9,Egypt,Aswan,Aswan,24.079369,32.888274,High,Medium,seasonal clothing; blankets; hygiene kits,3922.38,0.00,2025-09-30,Active,Medium
CASE-0348,Families need clean drinking water and storage containers after earthquake damage affected local supplies.,Water,63,Lebanon,Beirut,Beirut,33.881389,35.478245,Medium,Critical,clean water; filtration kits; storage containers,34896.24,1970.42,2026-06-15,Active,High
CASE-0349,Families affected by flash flooding require staple food supplies for the coming weeks.,Food,5,Egypt,Cairo,Cairo,30.041364,31.257889,Medium,High,food parcels; cooking staples; infant nutrition,2713.20,1221.74,2026-06-18,Active,Medium
CASE-0350,"Residents affected by earthquake damage need urgent medicines, examinations, and transport to care.",Medical Aid,3,Jordan,Irbid,Irbid,32.536056,35.86394,Medium,High,medicines; clinic visits; medical transport,2958.00,1543.67,2025-05-05,Active,Medium
CASE-0351,Education support is needed for children whose learning was disrupted by earthquake damage.,Education,7,Lebanon,Beirut,Beirut,33.915395,35.480959,Medium,High,school kits; uniforms; learning materials,5565.12,4936.94,2025-06-08,Funded,Medium
CASE-0352,"Residents affected by a severe storm need urgent medicines, examinations, and transport to care.",Medical Aid,10,Egypt,Alexandria,Alexandria,31.182379,29.920889,High,High,medicines; clinic visits; medical transport,9116.80,592.91,2026-03-22,Active,High
CASE-0353,Education support is needed for children whose learning was disrupted by local displacement.,Education,11,Egypt,Cairo,Cairo,30.068867,31.229136,Medium,High,school kits; uniforms; learning materials,6086.00,0.00,2026-01-23,Active,High
CASE-0354,Families affected by local displacement require staple food supplies for the coming weeks.,Food,20,Jordan,Amman,Amman,31.97026,35.949808,High,High,food parcels; cooking staples; infant nutrition,14630.00,2008.66,2026-02-16,Active,High
CASE-0355,A community requires emergency water deliveries because a severe storm disrupted access to safe water.,Water,115,Jordan,Amman,Amman,31.951245,35.922256,Critical,Critical,clean water; filtration kits; storage containers,84624.00,2243.09,2025-05-31,Active,Critical
CASE-0356,A community requires emergency water deliveries because a house fire disrupted access to safe water.,Water,106,Egypt,Cairo,Cairo,30.056376,31.234848,Medium,Medium,clean water; filtration kits; storage containers,39858.88,4716.00,2025-11-05,Active,High
CASE-0357,A community requires emergency water deliveries because a severe storm disrupted access to safe water.,Water,96,Jordan,Amman,Amman,31.929608,35.9461,High,Low,clean water; filtration kits; storage containers,55495.44,2602.33,2025-09-29,Active,High
CASE-0358,Families need clean drinking water and storage containers after a severe storm affected local supplies.,Water,115,Jordan,Amman,Amman,31.965079,35.952843,High,High,clean water; filtration kits; storage containers,67798.50,5194.05,2025-09-22,Active,High
CASE-0359,Families affected by a severe storm require staple food supplies for the coming weeks.,Food,9,Jordan,Amman,Amman,31.965158,35.922208,Medium,High,food parcels; cooking staples; infant nutrition,6585.12,630.96,2026-04-23,Active,Medium
CASE-0360,Families need clean drinking water and storage containers after local displacement affected local supplies.,Water,102,Jordan,Irbid,Irbid,32.575991,35.86363,High,Medium,clean water; filtration kits; storage containers,44111.76,2350.92,2026-03-25,Active,High
CASE-0361,Education support is needed for children whose learning was disrupted by a severe storm.,Education,8,Egypt,Giza,6th of October,29.947086,30.950033,Medium,Medium,school kits; uniforms; learning materials,3976.64,2445.01,2025-10-12,Active,Low
CASE-0362,Families need clean drinking water and storage containers after flash flooding affected local supplies.,Water,58,Egypt,Giza,6th of October,29.974198,30.917791,Medium,Low,clean water; filtration kits; storage containers,36246.72,3719.98,2026-03-15,Active,Medium
CASE-0363,A 6-person family needs temporary shelter after local displacement made their home unsafe.,Emergency Housing,6,Egypt,Alexandria,Alexandria,31.196696,29.940203,Medium,Low,temporary shelter; repair materials; mattresses,3663.84,484.80,2025-11-15,Active,Medium
CASE-0364,People displaced by flash flooding require clothing and blankets while they recover.,Clothing,51,Egypt,Alexandria,Alexandria,31.197704,29.934017,Critical,Critical,seasonal clothing; blankets; hygiene kits,24092.04,1092.89,2026-03-24,Active,Critical
CASE-0365,Housing repairs and safe temporary accommodation are needed following earthquake damage.,Emergency Housing,5,Jordan,Irbid,Irbid,32.560671,35.860421,Medium,Low,temporary shelter; repair materials; mattresses,3753.60,2084.59,2025-04-09,Active,Medium
CASE-0366,A 23-person family needs temporary shelter after local displacement made their home unsafe.,Emergency Housing,23,Egypt,Alexandria,Alexandria,31.20151,29.91318,High,Critical,temporary shelter; repair materials; mattresses,8540.84,585.78,2026-02-12,Active,Critical
CASE-0367,"Families need seasonal clothing, blankets, and basic hygiene items after local displacement.",Clothing,26,Egypt,Alexandria,Alexandria,31.189497,29.904307,High,High,seasonal clothing; blankets; hygiene kits,13878.48,7960.89,2026-04-27,Active,High
CASE-0368,A 18-person household needs food parcels after a house fire disrupted its income.,Food,18,Egypt,Giza,6th of October,29.984279,30.922107,High,Medium,food parcels; cooking staples; infant nutrition,9424.80,786.09,2026-08-01,Active,High
CASE-0369,A 50-person household needs food parcels after flash flooding disrupted its income.,Food,50,Egypt,Cairo,Cairo,30.0457,31.217239,High,Medium,food parcels; cooking staples; infant nutrition,24178.00,0.00,2025-08-10,Active,High
CASE-0370,Housing repairs and safe temporary accommodation are needed following a house fire.,Emergency Housing,10,Egypt,Alexandria,Alexandria,31.178807,29.901857,Low,High,temporary shelter; repair materials; mattresses,4613.80,0.00,2025-03-26,Active,High
CASE-0371,Families affected by local displacement require staple food supplies for the coming weeks.,Food,4,Lebanon,Beirut,Beirut,33.888454,35.518496,Medium,Critical,food parcels; cooking staples; infant nutrition,4041.92,4022.31,2026-04-09,Completed,Medium
CASE-0372,Families need clean drinking water and storage containers after a house fire affected local supplies.,Water,10,Tunisia,Tunis,Tunis,36.821851,10.205625,Medium,High,clean water; filtration kits; storage containers,4719.20,1947.05,2026-05-28,Active,Medium
CASE-0373,A 45-person household needs food parcels after a severe storm disrupted its income.,Food,45,Egypt,Giza,6th of October,29.964515,30.910261,Critical,Medium,food parcels; cooking staples; infant nutrition,17569.80,0.00,2025-08-06,Active,High
CASE-0374,A 5-person household needs food parcels after a house fire disrupted its income.,Food,5,Egypt,Aswan,Aswan,24.10365,32.918377,Medium,High,food parcels; cooking staples; infant nutrition,3182.40,921.90,2025-05-11,Active,Medium
CASE-0375,A 6-person household needs food parcels after local displacement disrupted its income.,Food,6,Egypt,Alexandria,Alexandria,31.185202,29.922145,Low,High,food parcels; cooking staples; infant nutrition,3391.32,352.18,2026-08-31,Active,Medium
CASE-0376,A community requires emergency water deliveries because flash flooding disrupted access to safe water.,Water,107,Jordan,Amman,Amman,31.931566,35.909112,Critical,Medium,clean water; filtration kits; storage containers,56575.96,2015.14,2025-04-24,Active,High
CASE-0377,A 19-person family needs temporary shelter after local displacement made their home unsafe.,Emergency Housing,19,Egypt,Cairo,Cairo,30.033352,31.252797,Critical,High,temporary shelter; repair materials; mattresses,15829.16,1786.31,2025-05-08,Active,Critical
CASE-0378,Education support is needed for children whose learning was disrupted by earthquake damage.,Education,20,Egypt,Aswan,Aswan,24.090703,32.913025,High,Medium,school kits; uniforms; learning materials,9825.20,4519.34,2026-03-28,Active,Medium
CASE-0379,People displaced by a severe storm require clothing and blankets while they recover.,Clothing,29,Jordan,Irbid,Irbid,32.539687,35.836505,Critical,Medium,seasonal clothing; blankets; hygiene kits,21998.80,0.00,2025-05-11,Active,High
CASE-0380,Education support is needed for children whose learning was disrupted by flash flooding.,Education,5,Lebanon,Beirut,Beirut,33.899834,35.522932,Medium,Medium,school kits; uniforms; learning materials,3012.40,2120.93,2025-10-27,Active,Low
CASE-0381,Families need clean drinking water and storage containers after earthquake damage affected local supplies.,Water,130,Egypt,Giza,6th of October,29.977951,30.945346,High,Medium,clean water; filtration kits; storage containers,94479.00,3406.20,2026-07-16,Active,High
CASE-0382,"Residents affected by a house fire need urgent medicines, examinations, and transport to care.",Medical Aid,41,Jordan,Irbid,Irbid,32.553967,35.83566,High,Critical,medicines; clinic visits; medical transport,33524.26,3128.30,2026-02-02,Active,Critical
CASE-0383,A 45-person household needs food parcels after earthquake damage disrupted its income.,Food,45,Egypt,Aswan,Aswan,24.103652,32.880938,Critical,High,food parcels; cooking staples; infant nutrition,19737.00,1288.16,2026-07-05,Active,High
CASE-0384,Families affected by a severe storm require staple food supplies for the coming weeks.,Food,46,Lebanon,Beirut,Beirut,33.880918,35.487014,High,High,food parcels; cooking staples; infant nutrition,14774.76,1748.19,2025-09-25,Active,High
CASE-0385,People displaced by flash flooding require clothing and blankets while they recover.,Clothing,41,Tunisia,Tunis,Tunis,36.791517,10.196802,Critical,Critical,seasonal clothing; blankets; hygiene kits,16639.28,1445.63,2026-05-14,Active,Critical
CASE-0386,A 3-person household needs food parcels after a severe storm disrupted its income.,Food,3,Tunisia,Tunis,Tunis,36.799383,10.177813,Medium,High,food parcels; cooking staples; infant nutrition,2725.44,916.70,2026-08-05,Active,Medium
CASE-0387,People displaced by earthquake damage require clothing and blankets while they recover.,Clothing,11,Jordan,Irbid,Irbid,32.545709,35.867403,Low,High,seasonal clothing; blankets; hygiene kits,5137.72,4182.09,2026-03-11,Funded,Medium
CASE-0388,A 7-person family needs temporary shelter after a severe storm made their home unsafe.,Emergency Housing,7,Egypt,Aswan,Aswan,24.085303,32.897791,Low,Medium,temporary shelter; repair materials; mattresses,3118.74,2546.32,2025-12-22,Funded,Low
CASE-0389,A 53-person household needs food parcels after local displacement disrupted its income.,Food,53,Jordan,Amman,Amman,31.947546,35.917086,High,Critical,food parcels; cooking staples; infant nutrition,43501.92,1832.03,2025-09-24,Active,Critical
CASE-0390,Housing repairs and safe temporary accommodation are needed following flash flooding.,Emergency Housing,8,Egypt,Cairo,Cairo,30.069264,31.247936,Critical,Medium,temporary shelter; repair materials; mattresses,4423.84,2251.21,2025-03-18,Active,High
CASE-0391,Children need school materials and fee support after earthquake damage interrupted household income.,Education,12,Egypt,Cairo,Cairo,30.051665,31.240927,Medium,Low,school kits; uniforms; learning materials,9155.52,863.22,2026-07-08,Active,Medium
CASE-0392,"A family needs medical assistance after a house fire, including treatment and essential supplies.",Medical Aid,16,Jordan,Irbid,Irbid,32.573688,35.843042,Critical,Critical,medicines; clinic visits; medical transport,12500.96,1766.89,2025-07-05,Active,Critical
CASE-0393,Housing repairs and safe temporary accommodation are needed following earthquake damage.,Emergency Housing,9,Lebanon,Beirut,Beirut,33.913435,35.490004,Medium,Medium,temporary shelter; repair materials; mattresses,3561.84,2685.83,2025-06-14,Funded,Medium
CASE-0394,A 2-person household needs food parcels after flash flooding disrupted its income.,Food,2,Egypt,Alexandria,Alexandria,31.210592,29.933522,Medium,High,food parcels; cooking staples; infant nutrition,2108.00,2083.28,2025-08-25,Completed,Low
CASE-0395,A 9-person family needs temporary shelter after flash flooding made their home unsafe.,Emergency Housing,9,Lebanon,Beirut,Beirut,33.876508,35.483197,Medium,High,temporary shelter; repair materials; mattresses,5263.20,3999.45,2026-01-24,Funded,Medium
CASE-0396,Education support is needed for children whose learning was disrupted by earthquake damage.,Education,27,Egypt,Aswan,Aswan,24.064748,32.891895,High,High,school kits; uniforms; learning materials,10990.98,0.00,2026-04-11,Active,High
CASE-0397,People displaced by a severe storm require clothing and blankets while they recover.,Clothing,12,Tunisia,Tunis,Tunis,36.805343,10.17932,Medium,Medium,seasonal clothing; blankets; hygiene kits,5940.48,3888.12,2025-08-21,Active,Medium
CASE-0398,People displaced by local displacement require clothing and blankets while they recover.,Clothing,5,Egypt,Cairo,Cairo,30.060451,31.2108,Medium,Medium,seasonal clothing; blankets; hygiene kits,4012.00,2430.87,2025-10-06,Active,Low
CASE-0399,Families need clean drinking water and storage containers after local displacement affected local supplies.,Water,60,Egypt,Cairo,Cairo,30.052851,31.234915,Medium,Medium,clean water; filtration kits; storage containers,29376.00,4491.53,2026-02-18,Active,High
CASE-0400,Education support is needed for children whose learning was disrupted by a severe storm.,Education,10,Jordan,Irbid,Irbid,32.553176,35.821991,Medium,High,school kits; uniforms; learning materials,5576.00,2307.84,2025-10-24,Active,Medium
CASE-0401,"Residents affected by earthquake damage need urgent medicines, examinations, and transport to care.",Medical Aid,8,Egypt,Alexandria,Alexandria,31.185039,29.911036,Low,Medium,medicines; clinic visits; medical transport,3223.76,1914.77,2026-07-22,Active,Medium
CASE-0402,"Residents affected by flash flooding need urgent medicines, examinations, and transport to care.",Medical Aid,5,Egypt,Aswan,Aswan,24.108925,32.897191,Medium,High,medicines; clinic visits; medical transport,4467.60,0.00,2026-08-02,Active,High
CASE-0403,A 25-person family needs temporary shelter after flash flooding made their home unsafe.,Emergency Housing,25,Tunisia,Tunis,Tunis,36.801051,10.195123,High,Medium,temporary shelter; repair materials; mattresses,20597.50,2682.48,2026-09-04,Active,High
CASE-0404,A 6-person family needs temporary shelter after a house fire made their home unsafe.,Emergency Housing,6,Egypt,Cairo,Cairo,30.067518,31.217302,Medium,Critical,temporary shelter; repair materials; mattresses,4414.56,1154.43,2025-12-10,Active,High
CASE-0405,"A family needs medical assistance after flash flooding, including treatment and essential supplies.",Medical Aid,5,Egypt,Aswan,Aswan,24.074209,32.882932,Low,High,medicines; clinic visits; medical transport,3516.40,1408.78,2025-12-03,Active,Medium
CASE-0406,People displaced by earthquake damage require clothing and blankets while they recover.,Clothing,29,Jordan,Irbid,Irbid,32.575124,35.862035,Critical,Critical,seasonal clothing; blankets; hygiene kits,15713.92,3757.98,2025-05-21,Active,Critical
CASE-0407,Families affected by local displacement require staple food supplies for the coming weeks.,Food,8,Egypt,Alexandria,Alexandria,31.210168,29.929795,Low,High,food parcels; cooking staples; infant nutrition,2921.68,1668.82,2026-01-30,Active,Medium
CASE-0408,People displaced by local displacement require clothing and blankets while they recover.,Clothing,7,Egypt,Alexandria,Alexandria,31.209336,29.907263,Medium,Low,seasonal clothing; blankets; hygiene kits,2985.20,2378.91,2025-10-09,Funded,Low
CASE-0409,A 6-person family needs temporary shelter after a severe storm made their home unsafe.,Emergency Housing,6,Egypt,Alexandria,Alexandria,31.2002,29.931324,High,High,temporary shelter; repair materials; mattresses,5008.08,2085.70,2025-04-04,Active,High
CASE-0410,Families affected by a house fire require staple food supplies for the coming weeks.,Food,49,Jordan,Amman,Amman,31.936537,35.906832,Critical,Low,food parcels; cooking staples; infant nutrition,21016.68,0.00,2025-10-25,Active,High
CASE-0411,Families need clean drinking water and storage containers after local displacement affected local supplies.,Water,19,Lebanon,Beirut,Beirut,33.892973,35.514477,Medium,Medium,clean water; filtration kits; storage containers,8665.92,3748.72,2026-03-31,Active,Medium
CASE-0412,Education support is needed for children whose learning was disrupted by flash flooding.,Education,13,Jordan,Amman,Amman,31.957989,35.930761,High,High,school kits; uniforms; learning materials,8653.26,5439.50,2025-07-12,Active,Medium
CASE-0413,People displaced by a severe storm require clothing and blankets while they recover.,Clothing,11,Lebanon,Beirut,Beirut,33.883889,35.517639,Medium,Critical,seasonal clothing; blankets; hygiene kits,5637.20,2152.04,2025-07-23,Active,High
CASE-0414,Families affected by a severe storm require staple food supplies for the coming weeks.,Food,7,Egypt,Cairo,Cairo,30.045369,31.244045,Medium,Medium,food parcels; cooking staples; infant nutrition,4137.12,1056.87,2025-04-19,Active,Medium
CASE-0415,"Families need seasonal clothing, blankets, and basic hygiene items after flash flooding.",Clothing,6,Egypt,Giza,6th of October,29.9666,30.950402,Medium,High,seasonal clothing; blankets; hygiene kits,4985.76,571.99,2026-06-05,Active,Medium
CASE-0416,A 18-person family needs temporary shelter after local displacement made their home unsafe.,Emergency Housing,18,Egypt,Aswan,Aswan,24.067583,32.89422,High,High,temporary shelter; repair materials; mattresses,8648.64,3016.82,2025-06-02,Active,High
CASE-0417,Housing repairs and safe temporary accommodation are needed following local displacement.,Emergency Housing,27,Tunisia,Tunis,Tunis,36.809046,10.187011,High,Medium,temporary shelter; repair materials; mattresses,19764.36,611.05,2026-07-07,Active,High
CASE-0418,"Families need seasonal clothing, blankets, and basic hygiene items after flash flooding.",Clothing,2,Egypt,Cairo,Cairo,30.04815,31.211454,Medium,Medium,seasonal clothing; blankets; hygiene kits,2037.28,2004.39,2026-05-22,Completed,Low
CASE-0419,"A family needs medical assistance after local displacement, including treatment and essential supplies.",Medical Aid,6,Lebanon,Beirut,Beirut,33.877714,35.501567,Medium,High,medicines; clinic visits; medical transport,3663.84,0.00,2026-05-17,Active,High
CASE-0420,Education support is needed for children whose learning was disrupted by earthquake damage.,Education,10,Egypt,Cairo,Cairo,30.025464,31.258474,Medium,High,school kits; uniforms; learning materials,8051.20,2304.46,2025-11-19,Active,Medium
CASE-0421,Education support is needed for children whose learning was disrupted by earthquake damage.,Education,21,Egypt,Cairo,Cairo,30.045694,31.213337,Critical,Medium,school kits; uniforms; learning materials,17802.00,2067.59,2026-02-19,Active,High
CASE-0422,People displaced by local displacement require clothing and blankets while they recover.,Clothing,11,Jordan,Irbid,Irbid,32.5631,35.840732,Medium,Critical,seasonal clothing; blankets; hygiene kits,7851.28,0.00,2025-12-24,Active,High
CASE-0423,Families affected by local displacement require staple food supplies for the coming weeks.,Food,4,Jordan,Irbid,Irbid,32.536197,35.843145,Medium,Critical,food parcels; cooking staples; infant nutrition,2208.64,0.00,2025-10-05,Active,High
CASE-0424,Children need school materials and fee support after earthquake damage interrupted household income.,Education,4,Egypt,Alexandria,Alexandria,31.194316,29.941465,Medium,Critical,school kits; uniforms; learning materials,3900.48,2799.69,2026-07-07,Active,Medium
CASE-0425,People displaced by flash flooding require clothing and blankets while they recover.,Clothing,7,Tunisia,Tunis,Tunis,36.787599,10.157525,Medium,Low,seasonal clothing; blankets; hygiene kits,4451.28,664.43,2026-04-08,Active,Medium
CASE-0426,Families need clean drinking water and storage containers after local displacement affected local supplies.,Water,64,Egypt,Giza,6th of October,29.96791,30.94473,High,Medium,clean water; filtration kits; storage containers,41598.48,340.16,2026-08-17,Active,High
CASE-0427,Families affected by a severe storm require staple food supplies for the coming weeks.,Food,20,Egypt,Alexandria,Alexandria,31.185571,29.922348,High,Critical,food parcels; cooking staples; infant nutrition,14229.60,4450.43,2026-07-29,Active,High
CASE-0428,People displaced by a house fire require clothing and blankets while they recover.,Clothing,8,Egypt,Aswan,Aswan,24.101239,32.918065,Medium,High,seasonal clothing; blankets; hygiene kits,6816.32,1449.90,2026-02-20,Active,Medium
CASE-0429,A 24-person household needs food parcels after local displacement disrupted its income.,Food,24,Jordan,Amman,Amman,31.950765,35.931446,High,High,food parcels; cooking staples; infant nutrition,10810.80,839.95,2026-01-18,Active,High
CASE-0430,A community requires emergency water deliveries because earthquake damage disrupted access to safe water.,Water,58,Jordan,Irbid,Irbid,32.567642,35.841223,Low,High,clean water; filtration kits; storage containers,17213.84,4109.26,2025-07-23,Active,High
CASE-0431,Education support is needed for children whose learning was disrupted by a severe storm.,Education,8,Egypt,Cairo,Cairo,30.024345,31.259665,Medium,Low,school kits; uniforms; learning materials,5151.68,302.47,2026-06-16,Active,Medium
CASE-0432,A 31-person household needs food parcels after a severe storm disrupted its income.,Food,31,Egypt,Giza,6th of October,29.953328,30.92686,High,Critical,food parcels; cooking staples; infant nutrition,18095.00,3715.17,2025-05-18,Active,High
CASE-0433,Families affected by a severe storm require staple food supplies for the coming weeks.,Food,5,Egypt,Aswan,Aswan,24.093082,32.892695,Low,High,food parcels; cooking staples; infant nutrition,3121.10,489.00,2025-06-18,Active,Medium
CASE-0434,"A family needs medical assistance after a severe storm, including treatment and essential supplies.",Medical Aid,47,Egypt,Aswan,Aswan,24.087905,32.895756,Critical,Medium,medicines; clinic visits; medical transport,30246.20,0.00,2026-08-26,Active,High
CASE-0435,People displaced by earthquake damage require clothing and blankets while they recover.,Clothing,9,Egypt,Alexandria,Alexandria,31.191663,29.898372,Medium,High,seasonal clothing; blankets; hygiene kits,5446.80,5429.17,2026-03-03,Completed,Low
CASE-0436,Housing repairs and safe temporary accommodation are needed following flash flooding.,Emergency Housing,8,Egypt,Cairo,Cairo,30.054261,31.214682,High,Critical,temporary shelter; repair materials; mattresses,4281.20,4165.73,2026-07-29,Completed,Medium
CASE-0437,A 10-person family needs temporary shelter after flash flooding made their home unsafe.,Emergency Housing,10,Tunisia,Tunis,Tunis,36.826186,10.197362,Critical,Critical,temporary shelter; repair materials; mattresses,7447.60,6588.68,2025-08-20,Funded,High
CASE-0438,"Families need seasonal clothing, blankets, and basic hygiene items after flash flooding.",Clothing,8,Egypt,Giza,6th of October,29.950519,30.947928,Medium,Low,seasonal clothing; blankets; hygiene kits,6207.04,1002.02,2026-02-20,Active,Medium
CASE-0439,Housing repairs and safe temporary accommodation are needed following a severe storm.,Emergency Housing,2,Egypt,Giza,6th of October,29.974433,30.921367,Medium,Low,temporary shelter; repair materials; mattresses,2371.84,318.80,2026-03-12,Active,Medium
CASE-0440,Housing repairs and safe temporary accommodation are needed following flash flooding.,Emergency Housing,50,Jordan,Irbid,Irbid,32.576321,35.829595,High,Low,temporary shelter; repair materials; mattresses,26873.00,3216.90,2025-12-18,Active,High
CASE-0441,Families need clean drinking water and storage containers after earthquake damage affected local supplies.,Water,44,Egypt,Alexandria,Alexandria,31.224611,29.924758,Medium,Medium,clean water; filtration kits; storage containers,19654.72,4121.62,2025-09-12,Active,Medium
CASE-0442,"Families need seasonal clothing, blankets, and basic hygiene items after local displacement.",Clothing,13,Egypt,Giza,6th of October,29.942822,30.915737,Critical,High,seasonal clothing; blankets; hygiene kits,9262.20,1093.73,2025-04-20,Active,High
CASE-0443,"A family needs medical assistance after local displacement, including treatment and essential supplies.",Medical Aid,25,Jordan,Amman,Amman,31.933469,35.945758,Critical,Medium,medicines; clinic visits; medical transport,19737.00,6975.38,2025-05-07,Active,High
CASE-0444,"A family needs medical assistance after a severe storm, including treatment and essential supplies.",Medical Aid,5,Jordan,Irbid,Irbid,32.532408,35.8333,Medium,Medium,medicines; clinic visits; medical transport,2454.80,1900.03,2026-06-17,Funded,Medium
CASE-0445,Children need school materials and fee support after earthquake damage interrupted household income.,Education,2,Egypt,Giza,6th of October,29.965487,30.950391,Medium,High,school kits; uniforms; learning materials,2559.52,2490.11,2025-07-21,Completed,Low
CASE-0446,Families affected by earthquake damage require staple food supplies for the coming weeks.,Food,8,Jordan,Irbid,Irbid,32.564872,35.859379,Low,High,food parcels; cooking staples; infant nutrition,5140.08,2111.73,2026-05-06,Active,Medium
CASE-0447,A community requires emergency water deliveries because a severe storm disrupted access to safe water.,Water,74,Egypt,Alexandria,Alexandria,31.223944,29.919375,Low,High,clean water; filtration kits; storage containers,45420.56,0.00,2025-04-06,Active,High
CASE-0448,"A family needs medical assistance after local displacement, including treatment and essential supplies.",Medical Aid,11,Egypt,Giza,6th of October,29.97082,30.914523,Medium,Medium,medicines; clinic visits; medical transport,8150.48,4626.68,2026-08-23,Active,Medium
CASE-0449,People displaced by a severe storm require clothing and blankets while they recover.,Clothing,7,Jordan,Irbid,Irbid,32.53345,35.850637,Medium,High,seasonal clothing; blankets; hygiene kits,3813.44,1878.31,2026-03-13,Active,Medium
CASE-0450,Families need clean drinking water and storage containers after local displacement affected local supplies.,Water,88,Jordan,Amman,Amman,31.959147,35.92019,Critical,Medium,clean water; filtration kits; storage containers,57248.48,8501.01,2025-07-30,Active,High
CASE-0451,"Residents affected by a severe storm need urgent medicines, examinations, and transport to care.",Medical Aid,43,Egypt,Giza,6th of October,29.947954,30.939462,Critical,Medium,medicines; clinic visits; medical transport,39193.64,5369.80,2026-06-04,Active,High
CASE-0452,Housing repairs and safe temporary accommodation are needed following flash flooding.,Emergency Housing,7,Egypt,Giza,6th of October,29.959246,30.930661,Medium,Low,temporary shelter; repair materials; mattresses,2994.72,2166.54,2025-09-29,Active,Low
CASE-0453,Housing repairs and safe temporary accommodation are needed following local displacement.,Emergency Housing,5,Egypt,Aswan,Aswan,24.093797,32.907444,Low,Critical,temporary shelter; repair materials; mattresses,3109.30,0.00,2025-12-13,Active,High
CASE-0454,A 31-person family needs temporary shelter after local displacement made their home unsafe.,Emergency Housing,31,Egypt,Aswan,Aswan,24.070368,32.908472,High,High,temporary shelter; repair materials; mattresses,11841.06,1465.99,2025-12-27,Active,High
CASE-0455,"Families need seasonal clothing, blankets, and basic hygiene items after flash flooding.",Clothing,2,Tunisia,Tunis,Tunis,36.811532,10.191836,Medium,Low,seasonal clothing; blankets; hygiene kits,2589.44,2263.60,2026-03-13,Funded,Low
CASE-0456,A 48-person family needs temporary shelter after a severe storm made their home unsafe.,Emergency Housing,48,Jordan,Irbid,Irbid,32.550329,35.869703,Critical,High,temporary shelter; repair materials; mattresses,20371.68,1771.74,2025-09-15,Active,Critical
CASE-0457,Families need clean drinking water and storage containers after flash flooding affected local supplies.,Water,24,Jordan,Irbid,Irbid,32.573585,35.828577,Low,Low,clean water; filtration kits; storage containers,9104.88,2379.06,2026-07-31,Active,Low
CASE-0458,People displaced by local displacement require clothing and blankets while they recover.,Clothing,7,Egypt,Aswan,Aswan,24.067532,32.899564,Low,Critical,seasonal clothing; blankets; hygiene kits,4283.40,649.18,2026-07-02,Active,Medium
CASE-0459,A 43-person household needs food parcels after local displacement disrupted its income.,Food,43,Egypt,Giza,6th of October,29.951585,30.92201,High,Critical,food parcels; cooking staples; infant nutrition,32641.84,2306.09,2025-07-03,Active,High
CASE-0460,A 43-person household needs food parcels after a house fire disrupted its income.,Food,43,Egypt,Cairo,Cairo,30.043866,31.25789,Critical,Medium,food parcels; cooking staples; infant nutrition,33498.72,3490.78,2026-05-06,Active,High
CASE-0461,A community requires emergency water deliveries because local displacement disrupted access to safe water.,Water,79,Tunisia,Tunis,Tunis,36.799121,10.202009,Medium,Medium,clean water; filtration kits; storage containers,27009.60,1983.69,2025-03-23,Active,High
CASE-0462,Education support is needed for children whose learning was disrupted by flash flooding.,Education,9,Lebanon,Beirut,Beirut,33.872657,35.491828,Critical,Medium,school kits; uniforms; learning materials,5479.92,1409.51,2025-11-05,Active,Medium
CASE-0463,Housing repairs and safe temporary accommodation are needed following earthquake damage.,Emergency Housing,11,Jordan,Amman,Amman,31.942356,35.949975,High,High,temporary shelter; repair materials; mattresses,7111.72,0.00,2025-07-25,Active,High
CASE-0464,Education support is needed for children whose learning was disrupted by earthquake damage.,Education,10,Jordan,Irbid,Irbid,32.539172,35.864913,Medium,Medium,school kits; uniforms; learning materials,5480.80,5479.91,2025-10-22,Completed,Low
CASE-0465,A 12-person household needs food parcels after earthquake damage disrupted its income.,Food,12,Tunisia,Tunis,Tunis,36.814301,10.20073,Low,Medium,food parcels; cooking staples; infant nutrition,4248.00,804.00,2025-05-27,Active,Medium
CASE-0466,"Residents affected by flash flooding need urgent medicines, examinations, and transport to care.",Medical Aid,43,Tunisia,Tunis,Tunis,36.79631,10.167739,Critical,High,medicines; clinic visits; medical transport,37788.40,8612.62,2025-09-11,Active,Critical
CASE-0467,"Families need seasonal clothing, blankets, and basic hygiene items after flash flooding.",Clothing,41,Egypt,Alexandria,Alexandria,31.210503,29.894628,Critical,High,seasonal clothing; blankets; hygiene kits,26018.44,1430.97,2025-12-04,Active,High
CASE-0468,"Residents affected by a house fire need urgent medicines, examinations, and transport to care.",Medical Aid,26,Egypt,Giza,6th of October,29.94701,30.939688,High,Critical,medicines; clinic visits; medical transport,8753.36,0.00,2025-05-05,Active,Critical
CASE-0469,Families need clean drinking water and storage containers after local displacement affected local supplies.,Water,119,Jordan,Irbid,Irbid,32.557825,35.829647,High,High,clean water; filtration kits; storage containers,96497.94,3220.55,2026-06-15,Active,High
CASE-0470,Education support is needed for children whose learning was disrupted by earthquake damage.,Education,20,Jordan,Irbid,Irbid,32.557481,35.825454,High,High,school kits; uniforms; learning materials,12227.60,2457.50,2025-11-11,Active,High
CASE-0471,"Families need seasonal clothing, blankets, and basic hygiene items after flash flooding.",Clothing,5,Lebanon,Beirut,Beirut,33.883603,35.494295,Medium,Medium,seasonal clothing; blankets; hygiene kits,3590.40,1344.49,2025-11-27,Active,Medium
CASE-0472,"A family needs medical assistance after local displacement, including treatment and essential supplies.",Medical Aid,22,Tunisia,Tunis,Tunis,36.825881,10.166897,High,Medium,medicines; clinic visits; medical transport,16632.00,6490.93,2026-05-07,Active,High
CASE-0473,Children need school materials and fee support after local displacement interrupted household income.,Education,8,Egypt,Alexandria,Alexandria,31.17935,29.90493,Medium,Medium,school kits; uniforms; learning materials,6457.28,5772.75,2026-04-08,Funded,Low
CASE-0474,A community requires emergency water deliveries because local displacement disrupted access to safe water.,Water,108,Egypt,Cairo,Cairo,30.063835,31.218924,Medium,Medium,clean water; filtration kits; storage containers,29278.08,7490.47,2025-10-29,Active,Medium
CASE-0475,Children need school materials and fee support after a house fire interrupted household income.,Education,8,Lebanon,Beirut,Beirut,33.883138,35.484275,Low,High,school kits; uniforms; learning materials,3894.00,2394.11,2026-05-28,Active,Low
CASE-0476,Housing repairs and safe temporary accommodation are needed following a severe storm.,Emergency Housing,6,Egypt,Cairo,Cairo,30.030213,31.258539,Low,High,temporary shelter; repair materials; mattresses,3178.92,3040.17,2026-04-19,Completed,Low
CASE-0477,"Residents affected by flash flooding need urgent medicines, examinations, and transport to care.",Medical Aid,9,Egypt,Giza,6th of October,29.980167,30.90443,Medium,Medium,medicines; clinic visits; medical transport,5263.20,1545.87,2026-08-02,Active,Medium
CASE-0478,A 6-person household needs food parcels after a severe storm disrupted its income.,Food,6,Jordan,Irbid,Irbid,32.573215,35.839002,Low,Critical,food parcels; cooking staples; infant nutrition,4672.80,97.15,2026-08-18,Active,Medium
CASE-0479,Families need clean drinking water and storage containers after flash flooding affected local supplies.,Water,97,Egypt,Aswan,Aswan,24.11334,32.884882,Medium,Low,clean water; filtration kits; storage containers,26024.96,507.77,2025-04-29,Active,Medium
CASE-0480,Housing repairs and safe temporary accommodation are needed following local displacement.,Emergency Housing,2,Egypt,Cairo,Cairo,30.03306,31.216072,Medium,Low,temporary shelter; repair materials; mattresses,2284.80,2270.57,2026-05-03,Completed,Low
CASE-0481,"A family needs medical assistance after a severe storm, including treatment and essential supplies.",Medical Aid,53,Egypt,Cairo,Cairo,30.041277,31.23708,Critical,Medium,medicines; clinic visits; medical transport,33362.84,1360.27,2025-05-25,Active,Critical
CASE-0482,Children need school materials and fee support after earthquake damage interrupted household income.,Education,7,Jordan,Irbid,Irbid,32.58116,35.843097,Medium,Medium,school kits; uniforms; learning materials,5136.72,4187.43,2025-06-09,Funded,Low
CASE-0483,People displaced by earthquake damage require clothing and blankets while they recover.,Clothing,11,Egypt,Cairo,Cairo,30.055205,31.253024,Low,Critical,seasonal clothing; blankets; hygiene kits,7681.80,1434.30,2025-10-05,Active,High
CASE-0484,Families affected by earthquake damage require staple food supplies for the coming weeks.,Food,37,Egypt,Cairo,Cairo,30.051693,31.250552,High,High,food parcels; cooking staples; infant nutrition,16200.80,1644.73,2026-08-26,Active,High
CASE-0485,"A family needs medical assistance after a house fire, including treatment and essential supplies.",Medical Aid,6,Egypt,Giza,6th of October,29.953413,30.944633,Medium,Low,medicines; clinic visits; medical transport,3704.64,3648.29,2025-05-11,Completed,Low
CASE-0486,A community requires emergency water deliveries because local displacement disrupted access to safe water.,Water,20,Egypt,Alexandria,Alexandria,31.188602,29.921653,High,High,clean water; filtration kits; storage containers,13798.40,2897.31,2025-06-19,Active,High
CASE-0487,Families need clean drinking water and storage containers after earthquake damage affected local supplies.,Water,95,Egypt,Aswan,Aswan,24.093084,32.893091,Low,Low,clean water; filtration kits; storage containers,30544.30,2995.06,2026-07-01,Active,Medium
CASE-0488,"Families need seasonal clothing, blankets, and basic hygiene items after a house fire.",Clothing,11,Tunisia,Tunis,Tunis,36.826502,10.189151,Medium,Low,seasonal clothing; blankets; hygiene kits,7028.48,1133.05,2025-08-10,Active,Medium
CASE-0489,Families need clean drinking water and storage containers after flash flooding affected local supplies.,Water,39,Egypt,Alexandria,Alexandria,31.207544,29.901154,High,Medium,clean water; filtration kits; storage containers,21566.16,0.00,2025-08-21,Active,High
CASE-0490,People displaced by a severe storm require clothing and blankets while they recover.,Clothing,12,Egypt,Cairo,Cairo,30.022988,31.240134,Low,Medium,seasonal clothing; blankets; hygiene kits,6074.64,322.70,2026-06-10,Active,Medium
CASE-0491,Children need school materials and fee support after a severe storm interrupted household income.,Education,19,Egypt,Cairo,Cairo,30.048482,31.215178,Critical,Medium,school kits; uniforms; learning materials,13280.12,7591.54,2026-04-23,Active,High
CASE-0492,A community requires emergency water deliveries because a house fire disrupted access to safe water.,Water,70,Lebanon,Beirut,Beirut,33.898105,35.517871,High,Low,clean water; filtration kits; storage containers,21868.00,4752.29,2025-09-05,Active,High
CASE-0493,A 7-person family needs temporary shelter after earthquake damage made their home unsafe.,Emergency Housing,7,Jordan,Irbid,Irbid,32.553784,35.838318,Low,Low,temporary shelter; repair materials; mattresses,3886.92,780.65,2025-09-23,Active,Medium
CASE-0494,Education support is needed for children whose learning was disrupted by local displacement.,Education,6,Lebanon,Beirut,Beirut,33.877779,35.5092,Medium,Critical,school kits; uniforms; learning materials,2904.96,2904.96,2026-01-19,Completed,Medium
CASE-0495,Families affected by a house fire require staple food supplies for the coming weeks.,Food,9,Egypt,Cairo,Cairo,30.045454,31.233018,Medium,High,food parcels; cooking staples; infant nutrition,4455.36,1974.98,2026-07-19,Active,Medium
CASE-0496,Children need school materials and fee support after a house fire interrupted household income.,Education,4,Tunisia,Tunis,Tunis,36.807601,10.186502,Medium,Medium,school kits; uniforms; learning materials,3791.68,3616.94,2026-05-31,Completed,Low
CASE-0497,Housing repairs and safe temporary accommodation are needed following earthquake damage.,Emergency Housing,30,Lebanon,Beirut,Beirut,33.894162,35.492305,High,Medium,temporary shelter; repair materials; mattresses,23931.60,3676.11,2025-06-14,Active,High
CASE-0498,"Families need seasonal clothing, blankets, and basic hygiene items after earthquake damage.",Clothing,50,Lebanon,Beirut,Beirut,33.906525,35.524859,High,Critical,seasonal clothing; blankets; hygiene kits,28182.00,541.13,2025-07-03,Active,Critical
CASE-0499,Children need school materials and fee support after local displacement interrupted household income.,Education,9,Tunisia,Tunis,Tunis,36.805925,10.167996,Medium,High,school kits; uniforms; learning materials,7552.08,279.28,2026-05-27,Active,Medium
CASE-0500,Children need school materials and fee support after local displacement interrupted household income.,Education,11,Jordan,Amman,Amman,31.936995,35.908599,Medium,High,school kits; uniforms; learning materials,7956.00,4418.29,2026-08-29,Active,Medium
